id,file_name
0,img_000013.jpg
1,img_11868.jpg
2,img_12086.jpg
3,img_12264.jpg
4,img_12271.jpg
5,img_12468.jpg
6,img_12521.jpg
7,img_12689.jpg
8,img_14825.jpg
9,img_183.jpg
10,img_188.jpg
11,img_2296.jpg
12,img_2640.jpg
13,img_2667.jpg
14,img_2685.jpg
15,img_350.jpg
16,img_4208.jpg
17,img_69.jpg
18,img_7285.jpg
19,img_7287.jpg
20,img_7289.jpg
21,img_733.jpg
22,img_734.jpg
23,img_736.jpg
24,img_738.jpg
25,img_739.jpg
26,img_744.jpg
27,img_7784.jpg
28,img_8055.jpg
29,img_8179.jpg
30,img_8202.jpg
31,img_8969.jpg
32,img_8988.jpg
33,img_9262.jpg
34,img_9269.jpg
35,img_93.jpg
36,img_9363.jpg
37,img_v2969.jpg
38,img_v2_1.jpg
39,img_v2_100.jpg
40,img_v2_1000.jpg
41,img_v2_1002.jpg
42,img_v2_1003.jpg
43,img_v2_1004.jpg
44,img_v2_1006.jpg
45,img_v2_1007.jpg
46,img_v2_1008.jpg
47,img_v2_101.jpg
48,img_v2_1012.jpg
49,img_v2_1013.jpg
50,img_v2_1014.jpg
51,img_v2_1015.jpg
52,img_v2_1017.jpg
53,img_v2_1018.jpg
54,img_v2_1019.jpg
55,img_v2_102.jpg
56,img_v2_1020.jpg
57,img_v2_1021.jpg
58,img_v2_1022.jpg
59,img_v2_1023.jpg
60,img_v2_1029.jpg
61,img_v2_103.jpg
62,img_v2_1031.jpg
63,img_v2_1034.jpg
64,img_v2_1035.jpg
65,img_v2_1037.jpg
66,img_v2_1039.jpg
67,img_v2_104.jpg
68,img_v2_1040.jpg
69,img_v2_1041.jpg
70,img_v2_1043.jpg
71,img_v2_1044.jpg
72,img_v2_1045.jpg
73,img_v2_1046.jpg
74,img_v2_1047.jpg
75,img_v2_1048.jpg
76,img_v2_1049.jpg
77,img_v2_105.jpg
78,img_v2_1050.jpg
79,img_v2_1052.jpg
80,img_v2_1053.jpg
81,img_v2_1054.jpg
82,img_v2_1055.jpg
83,img_v2_1059.jpg
84,img_v2_106.jpg
85,img_v2_1060.jpg
86,img_v2_1062.jpg
87,img_v2_1064.jpg
88,img_v2_1065.jpg
89,img_v2_1066.jpg
90,img_v2_1067.jpg
91,img_v2_1068.jpg
92,img_v2_1069.jpg
93,img_v2_107.jpg
94,img_v2_1070.jpg
95,img_v2_1071.jpg
96,img_v2_1072.jpg
97,img_v2_1073.jpg
98,img_v2_1075.jpg
99,img_v2_1076.jpg
100,img_v2_1077.jpg
101,img_v2_1078.jpg
102,img_v2_1079.jpg
103,img_v2_1080.jpg
104,img_v2_1081.jpg
105,img_v2_1082.jpg
106,img_v2_1083.jpg
107,img_v2_1084.jpg
108,img_v2_1086.jpg
109,img_v2_1088.jpg
110,img_v2_1089.jpg
111,img_v2_109.jpg
112,img_v2_1090.jpg
113,img_v2_1091.jpg
114,img_v2_1092.jpg
115,img_v2_1093.jpg
116,img_v2_1094.jpg
117,img_v2_1095.jpg
118,img_v2_1096.jpg
119,img_v2_1097.jpg
120,img_v2_1098.jpg
121,img_v2_1099.jpg
122,img_v2_11.jpg
123,img_v2_1100.jpg
124,img_v2_1101.jpg
125,img_v2_1102.jpg
126,img_v2_1103.jpg
127,img_v2_1104.jpg
128,img_v2_1105.jpg
129,img_v2_1106.jpg
130,img_v2_1107.jpg
131,img_v2_1108.jpg
132,img_v2_1109.jpg
133,img_v2_1111.jpg
134,img_v2_1112.jpg
135,img_v2_1113.jpg
136,img_v2_1114.jpg
137,img_v2_1116.jpg
138,img_v2_1117.jpg
139,img_v2_1118.jpg
140,img_v2_112.jpg
141,img_v2_1120.jpg
142,img_v2_1123.jpg
143,img_v2_1125.jpg
144,img_v2_1129.jpg
145,img_v2_113.jpg
146,img_v2_1132.jpg
147,img_v2_1133.jpg
148,img_v2_1134.jpg
149,img_v2_1136.jpg
150,img_v2_1138.jpg
151,img_v2_1139.jpg
152,img_v2_114.jpg
153,img_v2_1142.jpg
154,img_v2_1144.jpg
155,img_v2_1145.jpg
156,img_v2_1146.jpg
157,img_v2_1147.jpg
158,img_v2_1148.jpg
159,img_v2_115.jpg
160,img_v2_1150.jpg
161,img_v2_1152.jpg
162,img_v2_1153.jpg
163,img_v2_1154.jpg
164,img_v2_1155.jpg
165,img_v2_1156.jpg
166,img_v2_1157.jpg
167,img_v2_1158.jpg
168,img_v2_1159.jpg
169,img_v2_116.jpg
170,img_v2_1160.jpg
171,img_v2_1161.jpg
172,img_v2_1162.jpg
173,img_v2_1163.jpg
174,img_v2_1164.jpg
175,img_v2_1165.jpg
176,img_v2_1166.jpg
177,img_v2_1168.jpg
178,img_v2_117.jpg
179,img_v2_1170.jpg
180,img_v2_1172.jpg
181,img_v2_1175.jpg
182,img_v2_1176.jpg
183,img_v2_1177.jpg
184,img_v2_1178.jpg
185,img_v2_1179.jpg
186,img_v2_118.jpg
187,img_v2_1181.jpg
188,img_v2_1182.jpg
189,img_v2_1183.jpg
190,img_v2_1185.jpg
191,img_v2_1186.jpg
192,img_v2_1187.jpg
193,img_v2_1189.jpg
194,img_v2_119.jpg
195,img_v2_1190.jpg
196,img_v2_1192.jpg
197,img_v2_1193.jpg
198,img_v2_1196.jpg
199,img_v2_1197.jpg
200,img_v2_1198.jpg
201,img_v2_1199.jpg
202,img_v2_1200.jpg
203,img_v2_1201.jpg
204,img_v2_1203.jpg
205,img_v2_1204.jpg
206,img_v2_1205.jpg
207,img_v2_1206.jpg
208,img_v2_1207.jpg
209,img_v2_1208.jpg
210,img_v2_1209.jpg
211,img_v2_121.jpg
212,img_v2_1210.jpg
213,img_v2_1211.jpg
214,img_v2_1212.jpg
215,img_v2_1213.jpg
216,img_v2_1214.jpg
217,img_v2_1216.jpg
218,img_v2_1217.jpg
219,img_v2_1219.jpg
220,img_v2_122.jpg
221,img_v2_1221.jpg
222,img_v2_1222.jpg
223,img_v2_1223.jpg
224,img_v2_1224.jpg
225,img_v2_1225.jpg
226,img_v2_1226.jpg
227,img_v2_1227.jpg
228,img_v2_1228.jpg
229,img_v2_1229.jpg
230,img_v2_1230.jpg
231,img_v2_1231.jpg
232,img_v2_1232.jpg
233,img_v2_1233.jpg
234,img_v2_1234.jpg
235,img_v2_1236.jpg
236,img_v2_1238.jpg
237,img_v2_1239.jpg
238,img_v2_124.jpg
239,img_v2_1240.jpg
240,img_v2_1241.jpg
241,img_v2_1242.jpg
242,img_v2_1243.jpg
243,img_v2_1244.jpg
244,img_v2_1245.jpg
245,img_v2_1246.jpg
246,img_v2_1248.jpg
247,img_v2_1249.jpg
248,img_v2_125.jpg
249,img_v2_1250.jpg
250,img_v2_1251.jpg
251,img_v2_1254.jpg
252,img_v2_1255.jpg
253,img_v2_1258.jpg
254,img_v2_1259.jpg
255,img_v2_126.jpg
256,img_v2_1261.jpg
257,img_v2_1262.jpg
258,img_v2_1265.jpg
259,img_v2_1266.jpg
260,img_v2_1268.jpg
261,img_v2_1269.jpg
262,img_v2_127.jpg
263,img_v2_1271.jpg
264,img_v2_1273.jpg
265,img_v2_1274.jpg
266,img_v2_1275.jpg
267,img_v2_1277.jpg
268,img_v2_1278.jpg
269,img_v2_128.jpg
270,img_v2_1280.jpg
271,img_v2_1281.jpg
272,img_v2_1282.jpg
273,img_v2_1283.jpg
274,img_v2_1285.jpg
275,img_v2_1286.jpg
276,img_v2_1287.jpg
277,img_v2_1288.jpg
278,img_v2_129.jpg
279,img_v2_1290.jpg
280,img_v2_1291.jpg
281,img_v2_1293.jpg
282,img_v2_1294.jpg
283,img_v2_1295.jpg
284,img_v2_1296.jpg
285,img_v2_1297.jpg
286,img_v2_1298.jpg
287,img_v2_13.jpg
288,img_v2_130.jpg
289,img_v2_1300.jpg
290,img_v2_1301.jpg
291,img_v2_1302.jpg
292,img_v2_1303.jpg
293,img_v2_1304.jpg
294,img_v2_1305.jpg
295,img_v2_1306.jpg
296,img_v2_1307.jpg
297,img_v2_1308.jpg
298,img_v2_1309.jpg
299,img_v2_131.jpg
300,img_v2_1313.jpg
301,img_v2_1314.jpg
302,img_v2_1316.jpg
303,img_v2_1317.jpg
304,img_v2_1318.jpg
305,img_v2_1319.jpg
306,img_v2_132.jpg
307,img_v2_1320.jpg
308,img_v2_1321.jpg
309,img_v2_1322.jpg
310,img_v2_1323.jpg
311,img_v2_1324.jpg
312,img_v2_1325.jpg
313,img_v2_1326.jpg
314,img_v2_1327.jpg
315,img_v2_1328.jpg
316,img_v2_1329.jpg
317,img_v2_133.jpg
318,img_v2_1330.jpg
319,img_v2_1331.jpg
320,img_v2_1332.jpg
321,img_v2_1333.jpg
322,img_v2_1334.jpg
323,img_v2_1335.jpg
324,img_v2_1336.jpg
325,img_v2_1338.jpg
326,img_v2_1342.jpg
327,img_v2_1343.jpg
328,img_v2_1344.jpg
329,img_v2_1345.jpg
330,img_v2_1346.jpg
331,img_v2_1347.jpg
332,img_v2_1349.jpg
333,img_v2_135.jpg
334,img_v2_1350.jpg
335,img_v2_1351.jpg
336,img_v2_1352.jpg
337,img_v2_1354.jpg
338,img_v2_1356.jpg
339,img_v2_1358.jpg
340,img_v2_1359.jpg
341,img_v2_1361.jpg
342,img_v2_1362.jpg
343,img_v2_1364.jpg
344,img_v2_1365.jpg
345,img_v2_1366.jpg
346,img_v2_1367.jpg
347,img_v2_1368.jpg
348,img_v2_1369.jpg
349,img_v2_137.jpg
350,img_v2_1370.jpg
351,img_v2_1371.jpg
352,img_v2_1373.jpg
353,img_v2_1374.jpg
354,img_v2_1375.jpg
355,img_v2_1376.jpg
356,img_v2_1377.jpg
357,img_v2_1378.jpg
358,img_v2_1379.jpg
359,img_v2_138.jpg
360,img_v2_1380.jpg
361,img_v2_1381.jpg
362,img_v2_1382.jpg
363,img_v2_1383.jpg
364,img_v2_1384.jpg
365,img_v2_1386.jpg
366,img_v2_1387.jpg
367,img_v2_1388.jpg
368,img_v2_1389.jpg
369,img_v2_139.jpg
370,img_v2_1390.jpg
371,img_v2_1391.jpg
372,img_v2_1392.jpg
373,img_v2_1393.jpg
374,img_v2_1394.jpg
375,img_v2_1395.jpg
376,img_v2_1396.jpg
377,img_v2_1397.jpg
378,img_v2_14.jpg
379,img_v2_1400.jpg
380,img_v2_1401.jpg
381,img_v2_1402.jpg
382,img_v2_1403.jpg
383,img_v2_1407.jpg
384,img_v2_1408.jpg
385,img_v2_1409.jpg
386,img_v2_141.jpg
387,img_v2_1410.jpg
388,img_v2_1411.jpg
389,img_v2_1412.jpg
390,img_v2_1413.jpg
391,img_v2_1418.jpg
392,img_v2_142.jpg
393,img_v2_1420.jpg
394,img_v2_1421.jpg
395,img_v2_1422.jpg
396,img_v2_1424.jpg
397,img_v2_1426.jpg
398,img_v2_1427.jpg
399,img_v2_1428.jpg
400,img_v2_1429.jpg
401,img_v2_143.jpg
402,img_v2_1431.jpg
403,img_v2_1432.jpg
404,img_v2_1434.jpg
405,img_v2_1435.jpg
406,img_v2_1436.jpg
407,img_v2_1438.jpg
408,img_v2_144.jpg
409,img_v2_1441.jpg
410,img_v2_1442.jpg
411,img_v2_1443.jpg
412,img_v2_1446.jpg
413,img_v2_1447.jpg
414,img_v2_1449.jpg
415,img_v2_145.jpg
416,img_v2_1451.jpg
417,img_v2_1452.jpg
418,img_v2_1453.jpg
419,img_v2_1454.jpg
420,img_v2_1455.jpg
421,img_v2_1456.jpg
422,img_v2_1458.jpg
423,img_v2_1459.jpg
424,img_v2_146.jpg
425,img_v2_1460.jpg
426,img_v2_1461.jpg
427,img_v2_1462.jpg
428,img_v2_1463.jpg
429,img_v2_1465.jpg
430,img_v2_1469.jpg
431,img_v2_147.jpg
432,img_v2_1470.jpg
433,img_v2_1471.jpg
434,img_v2_1472.jpg
435,img_v2_1475.jpg
436,img_v2_1481.jpg
437,img_v2_1482.jpg
438,img_v2_1483.jpg
439,img_v2_1485.jpg
440,img_v2_1487.jpg
441,img_v2_1488.jpg
442,img_v2_1489.jpg
443,img_v2_149.jpg
444,img_v2_1491.jpg
445,img_v2_1494.jpg
446,img_v2_1495.jpg
447,img_v2_1496.jpg
448,img_v2_1497.jpg
449,img_v2_1498.jpg
450,img_v2_15.jpg
451,img_v2_1502.jpg
452,img_v2_1504.jpg
453,img_v2_1505.jpg
454,img_v2_1506.jpg
455,img_v2_1507.jpg
456,img_v2_1508.jpg
457,img_v2_151.jpg
458,img_v2_1510.jpg
459,img_v2_1511.jpg
460,img_v2_1512.jpg
461,img_v2_1514.jpg
462,img_v2_1515.jpg
463,img_v2_1517.jpg
464,img_v2_1518.jpg
465,img_v2_1519.jpg
466,img_v2_152.jpg
467,img_v2_1520.jpg
468,img_v2_1521.jpg
469,img_v2_1523.jpg
470,img_v2_1525.jpg
471,img_v2_1526.jpg
472,img_v2_1527.jpg
473,img_v2_1528.jpg
474,img_v2_1529.jpg
475,img_v2_153.jpg
476,img_v2_1530.jpg
477,img_v2_1531.jpg
478,img_v2_1533.jpg
479,img_v2_1534.jpg
480,img_v2_1535.jpg
481,img_v2_1536.jpg
482,img_v2_1538.jpg
483,img_v2_1539.jpg
484,img_v2_1540.jpg
485,img_v2_1541.jpg
486,img_v2_1542.jpg
487,img_v2_1543.jpg
488,img_v2_1544.jpg
489,img_v2_1545.jpg
490,img_v2_1547.jpg
491,img_v2_1548.jpg
492,img_v2_1549.jpg
493,img_v2_155.jpg
494,img_v2_1551.jpg
495,img_v2_1552.jpg
496,img_v2_1553.jpg
497,img_v2_1554.jpg
498,img_v2_1555.jpg
499,img_v2_1556.jpg
500,img_v2_1559.jpg
501,img_v2_156.jpg
502,img_v2_1560.jpg
503,img_v2_1561.jpg
504,img_v2_1562.jpg
505,img_v2_1563.jpg
506,img_v2_1564.jpg
507,img_v2_1566.jpg
508,img_v2_1567.jpg
509,img_v2_1568.jpg
510,img_v2_1569.jpg
511,img_v2_1571.jpg
512,img_v2_1572.jpg
513,img_v2_1573.jpg
514,img_v2_1574.jpg
515,img_v2_1575.jpg
516,img_v2_1578.jpg
517,img_v2_1579.jpg
518,img_v2_158.jpg
519,img_v2_1580.jpg
520,img_v2_1581.jpg
521,img_v2_1582.jpg
522,img_v2_1583.jpg
523,img_v2_1584.jpg
524,img_v2_1585.jpg
525,img_v2_1586.jpg
526,img_v2_1587.jpg
527,img_v2_1588.jpg
528,img_v2_1589.jpg
529,img_v2_159.jpg
530,img_v2_1590.jpg
531,img_v2_1591.jpg
532,img_v2_1592.jpg
533,img_v2_1595.jpg
534,img_v2_1596.jpg
535,img_v2_1597.jpg
536,img_v2_1598.jpg
537,img_v2_16.jpg
538,img_v2_160.jpg
539,img_v2_1600.jpg
540,img_v2_1601.jpg
541,img_v2_1602.jpg
542,img_v2_1603.jpg
543,img_v2_1604.jpg
544,img_v2_1605.jpg
545,img_v2_1607.jpg
546,img_v2_1608.jpg
547,img_v2_161.jpg
548,img_v2_1610.jpg
549,img_v2_1611.jpg
550,img_v2_1612.jpg
551,img_v2_1615.jpg
552,img_v2_1616.jpg
553,img_v2_1617.jpg
554,img_v2_1618.jpg
555,img_v2_1619.jpg
556,img_v2_1620.jpg
557,img_v2_1621.jpg
558,img_v2_1623.jpg
559,img_v2_1625.jpg
560,img_v2_1626.jpg
561,img_v2_1627.jpg
562,img_v2_1628.jpg
563,img_v2_1629.jpg
564,img_v2_163.jpg
565,img_v2_1630.jpg
566,img_v2_1631.jpg
567,img_v2_1633.jpg
568,img_v2_1634.jpg
569,img_v2_1635.jpg
570,img_v2_1636.jpg
571,img_v2_1637.jpg
572,img_v2_1638.jpg
573,img_v2_1639.jpg
574,img_v2_164.jpg
575,img_v2_1640.jpg
576,img_v2_1641.jpg
577,img_v2_1642.jpg
578,img_v2_1644.jpg
579,img_v2_1645.jpg
580,img_v2_1646.jpg
581,img_v2_1647.jpg
582,img_v2_1648.jpg
583,img_v2_1649.jpg
584,img_v2_165.jpg
585,img_v2_1650.jpg
586,img_v2_1652.jpg
587,img_v2_1653.jpg
588,img_v2_1655.jpg
589,img_v2_1656.jpg
590,img_v2_1658.jpg
591,img_v2_166.jpg
592,img_v2_1661.jpg
593,img_v2_1663.jpg
594,img_v2_1664.jpg
595,img_v2_1665.jpg
596,img_v2_1666.jpg
597,img_v2_1667.jpg
598,img_v2_1668.jpg
599,img_v2_1669.jpg
600,img_v2_167.jpg
601,img_v2_1670.jpg
602,img_v2_1671.jpg
603,img_v2_1672.jpg
604,img_v2_1673.jpg
605,img_v2_1674.jpg
606,img_v2_1676.jpg
607,img_v2_1677.jpg
608,img_v2_1678.jpg
609,img_v2_1679.jpg
610,img_v2_168.jpg
611,img_v2_1680.jpg
612,img_v2_1681.jpg
613,img_v2_1682.jpg
614,img_v2_1683.jpg
615,img_v2_1684.jpg
616,img_v2_1685.jpg
617,img_v2_1686.jpg
618,img_v2_1687.jpg
619,img_v2_1688.jpg
620,img_v2_1689.jpg
621,img_v2_169.jpg
622,img_v2_1691.jpg
623,img_v2_1692.jpg
624,img_v2_1693.jpg
625,img_v2_1694.jpg
626,img_v2_1696.jpg
627,img_v2_1697.jpg
628,img_v2_1699.jpg
629,img_v2_17.jpg
630,img_v2_170.jpg
631,img_v2_1701.jpg
632,img_v2_1702.jpg
633,img_v2_1703.jpg
634,img_v2_1704.jpg
635,img_v2_1705.jpg
636,img_v2_1706.jpg
637,img_v2_1707.jpg
638,img_v2_1708.jpg
639,img_v2_1709.jpg
640,img_v2_171.jpg
641,img_v2_1710.jpg
642,img_v2_1711.jpg
643,img_v2_1712.jpg
644,img_v2_1714.jpg
645,img_v2_1715.jpg
646,img_v2_1716.jpg
647,img_v2_1717.jpg
648,img_v2_1718.jpg
649,img_v2_1719.jpg
650,img_v2_172.jpg
651,img_v2_1720.jpg
652,img_v2_1721.jpg
653,img_v2_1722.jpg
654,img_v2_1723.jpg
655,img_v2_1725.jpg
656,img_v2_1726.jpg
657,img_v2_1727.jpg
658,img_v2_1728.jpg
659,img_v2_1729.jpg
660,img_v2_1730.jpg
661,img_v2_1731.jpg
662,img_v2_1732.jpg
663,img_v2_1733.jpg
664,img_v2_1734.jpg
665,img_v2_1736.jpg
666,img_v2_1737.jpg
667,img_v2_1738.jpg
668,img_v2_1739.jpg
669,img_v2_174.jpg
670,img_v2_1740.jpg
671,img_v2_1742.jpg
672,img_v2_1743.jpg
673,img_v2_1746.jpg
674,img_v2_1747.jpg
675,img_v2_1748.jpg
676,img_v2_1749.jpg
677,img_v2_1750.jpg
678,img_v2_1751.jpg
679,img_v2_1752.jpg
680,img_v2_1753.jpg
681,img_v2_1754.jpg
682,img_v2_1759.jpg
683,img_v2_176.jpg
684,img_v2_1760.jpg
685,img_v2_1762.jpg
686,img_v2_1764.jpg
687,img_v2_1765.jpg
688,img_v2_1767.jpg
689,img_v2_1769.jpg
690,img_v2_177.jpg
691,img_v2_1770.jpg
692,img_v2_1771.jpg
693,img_v2_1772.jpg
694,img_v2_1773.jpg
695,img_v2_1778.jpg
696,img_v2_1780.jpg
697,img_v2_1781.jpg
698,img_v2_1782.jpg
699,img_v2_1786.jpg
700,img_v2_1788.jpg
701,img_v2_1789.jpg
702,img_v2_1790.jpg
703,img_v2_1792.jpg
704,img_v2_1794.jpg
705,img_v2_1795.jpg
706,img_v2_1796.jpg
707,img_v2_1797.jpg
708,img_v2_1798.jpg
709,img_v2_18.jpg
710,img_v2_180.jpg
711,img_v2_1800.jpg
712,img_v2_1801.jpg
713,img_v2_1802.jpg
714,img_v2_1803.jpg
715,img_v2_1806.jpg
716,img_v2_1809.jpg
717,img_v2_181.jpg
718,img_v2_1810.jpg
719,img_v2_1811.jpg
720,img_v2_1812.jpg
721,img_v2_1813.jpg
722,img_v2_1814.jpg
723,img_v2_1815.jpg
724,img_v2_1816.jpg
725,img_v2_1817.jpg
726,img_v2_1819.jpg
727,img_v2_182.jpg
728,img_v2_1820.jpg
729,img_v2_1822.jpg
730,img_v2_1826.jpg
731,img_v2_1827.jpg
732,img_v2_1828.jpg
733,img_v2_1829.jpg
734,img_v2_183.jpg
735,img_v2_1830.jpg
736,img_v2_1831.jpg
737,img_v2_1832.jpg
738,img_v2_1833.jpg
739,img_v2_1834.jpg
740,img_v2_1835.jpg
741,img_v2_1836.jpg
742,img_v2_1837.jpg
743,img_v2_1838.jpg
744,img_v2_184.jpg
745,img_v2_1840.jpg
746,img_v2_1841.jpg
747,img_v2_1842.jpg
748,img_v2_1845.jpg
749,img_v2_1846.jpg
750,img_v2_1847.jpg
751,img_v2_1848.jpg
752,img_v2_185.jpg
753,img_v2_1850.jpg
754,img_v2_1851.jpg
755,img_v2_1852.jpg
756,img_v2_1854.jpg
757,img_v2_1855.jpg
758,img_v2_1856.jpg
759,img_v2_1857.jpg
760,img_v2_1858.jpg
761,img_v2_1859.jpg
762,img_v2_186.jpg
763,img_v2_1860.jpg
764,img_v2_1861.jpg
765,img_v2_1862.jpg
766,img_v2_1863.jpg
767,img_v2_1864.jpg
768,img_v2_1866.jpg
769,img_v2_1867.jpg
770,img_v2_1869.jpg
771,img_v2_187.jpg
772,img_v2_1870.jpg
773,img_v2_1871.jpg
774,img_v2_1872.jpg
775,img_v2_1874.jpg
776,img_v2_1875.jpg
777,img_v2_1876.jpg
778,img_v2_1877.jpg
779,img_v2_1878.jpg
780,img_v2_1882.jpg
781,img_v2_1884.jpg
782,img_v2_1885.jpg
783,img_v2_1886.jpg
784,img_v2_1887.jpg
785,img_v2_1888.jpg
786,img_v2_1889.jpg
787,img_v2_189.jpg
788,img_v2_1890.jpg
789,img_v2_1893.jpg
790,img_v2_1895.jpg
791,img_v2_1896.jpg
792,img_v2_1897.jpg
793,img_v2_1898.jpg
794,img_v2_1899.jpg
795,img_v2_19.jpg
796,img_v2_1900.jpg
797,img_v2_1902.jpg
798,img_v2_1903.jpg
799,img_v2_1904.jpg
800,img_v2_1905.jpg
801,img_v2_1907.jpg
802,img_v2_1908.jpg
803,img_v2_1909.jpg
804,img_v2_191.jpg
805,img_v2_1910.jpg
806,img_v2_1912.jpg
807,img_v2_1913.jpg
808,img_v2_1914.jpg
809,img_v2_1915.jpg
810,img_v2_1916.jpg
811,img_v2_1917.jpg
812,img_v2_1918.jpg
813,img_v2_192.jpg
814,img_v2_1920.jpg
815,img_v2_1921.jpg
816,img_v2_1922.jpg
817,img_v2_1923.jpg
818,img_v2_1924.jpg
819,img_v2_1926.jpg
820,img_v2_1928.jpg
821,img_v2_1929.jpg
822,img_v2_1931.jpg
823,img_v2_1932.jpg
824,img_v2_1933.jpg
825,img_v2_1934.jpg
826,img_v2_1935.jpg
827,img_v2_1938.jpg
828,img_v2_1939.jpg
829,img_v2_1940.jpg
830,img_v2_1941.jpg
831,img_v2_1942.jpg
832,img_v2_1943.jpg
833,img_v2_1944.jpg
834,img_v2_1946.jpg
835,img_v2_1947.jpg
836,img_v2_1948.jpg
837,img_v2_1949.jpg
838,img_v2_195.jpg
839,img_v2_1950.jpg
840,img_v2_1951.jpg
841,img_v2_1952.jpg
842,img_v2_1953.jpg
843,img_v2_1954.jpg
844,img_v2_1955.jpg
845,img_v2_1957.jpg
846,img_v2_1958.jpg
847,img_v2_196.jpg
848,img_v2_1960.jpg
849,img_v2_1961.jpg
850,img_v2_1962.jpg
851,img_v2_1963.jpg
852,img_v2_1964.jpg
853,img_v2_1965.jpg
854,img_v2_1966.jpg
855,img_v2_1967.jpg
856,img_v2_1968.jpg
857,img_v2_1969.jpg
858,img_v2_197.jpg
859,img_v2_1970.jpg
860,img_v2_1971.jpg
861,img_v2_1972.jpg
862,img_v2_1973.jpg
863,img_v2_1975.jpg
864,img_v2_1976.jpg
865,img_v2_1979.jpg
866,img_v2_198.jpg
867,img_v2_1980.jpg
868,img_v2_1982.jpg
869,img_v2_1983.jpg
870,img_v2_1984.jpg
871,img_v2_1987.jpg
872,img_v2_1989.jpg
873,img_v2_199.jpg
874,img_v2_1990.jpg
875,img_v2_1991.jpg
876,img_v2_1992.jpg
877,img_v2_1993.jpg
878,img_v2_1994.jpg
879,img_v2_1996.jpg
880,img_v2_1998.jpg
881,img_v2_1999.jpg
882,img_v2_20.jpg
883,img_v2_200.jpg
884,img_v2_2000.jpg
885,img_v2_2001.jpg
886,img_v2_2003.jpg
887,img_v2_2004.jpg
888,img_v2_2005.jpg
889,img_v2_2006.jpg
890,img_v2_2009.jpg
891,img_v2_201.jpg
892,img_v2_2010.jpg
893,img_v2_2011.jpg
894,img_v2_2012.jpg
895,img_v2_2013.jpg
896,img_v2_2014.jpg
897,img_v2_2015.jpg
898,img_v2_2016.jpg
899,img_v2_2018.jpg
900,img_v2_2019.jpg
901,img_v2_202.jpg
902,img_v2_2021.jpg
903,img_v2_2022.jpg
904,img_v2_2024.jpg
905,img_v2_2025.jpg
906,img_v2_2027.jpg
907,img_v2_2028.jpg
908,img_v2_203.jpg
909,img_v2_2030.jpg
910,img_v2_2031.jpg
911,img_v2_2032.jpg
912,img_v2_2033.jpg
913,img_v2_2034.jpg
914,img_v2_2035.jpg
915,img_v2_2036.jpg
916,img_v2_2037.jpg
917,img_v2_204.jpg
918,img_v2_2040.jpg
919,img_v2_2041.jpg
920,img_v2_2044.jpg
921,img_v2_2046.jpg
922,img_v2_2047.jpg
923,img_v2_2048.jpg
924,img_v2_2049.jpg
925,img_v2_205.jpg
926,img_v2_2050.jpg
927,img_v2_2052.jpg
928,img_v2_2054.jpg
929,img_v2_2055.jpg
930,img_v2_2057.jpg
931,img_v2_2058.jpg
932,img_v2_2059.jpg
933,img_v2_206.jpg
934,img_v2_2061.jpg
935,img_v2_2062.jpg
936,img_v2_2063.jpg
937,img_v2_2064.jpg
938,img_v2_2066.jpg
939,img_v2_2067.jpg
940,img_v2_2068.jpg
941,img_v2_207.jpg
942,img_v2_2070.jpg
943,img_v2_2072.jpg
944,img_v2_2073.jpg
945,img_v2_2074.jpg
946,img_v2_2077.jpg
947,img_v2_2078.jpg
948,img_v2_2079.jpg
949,img_v2_208.jpg
950,img_v2_2080.jpg
951,img_v2_2082.jpg
952,img_v2_2083.jpg
953,img_v2_2085.jpg
954,img_v2_2086.jpg
955,img_v2_2087.jpg
956,img_v2_2088.jpg
957,img_v2_2089.jpg
958,img_v2_209.jpg
959,img_v2_2090.jpg
960,img_v2_2091.jpg
961,img_v2_2092.jpg
962,img_v2_2094.jpg
963,img_v2_2095.jpg
964,img_v2_2096.jpg
965,img_v2_2098.jpg
966,img_v2_2099.jpg
967,img_v2_2100.jpg
968,img_v2_2101.jpg
969,img_v2_2102.jpg
970,img_v2_2103.jpg
971,img_v2_2104.jpg
972,img_v2_2105.jpg
973,img_v2_2106.jpg
974,img_v2_2107.jpg
975,img_v2_2108.jpg
976,img_v2_2109.jpg
977,img_v2_211.jpg
978,img_v2_2110.jpg
979,img_v2_2111.jpg
980,img_v2_2113.jpg
981,img_v2_2114.jpg
982,img_v2_2115.jpg
983,img_v2_2116.jpg
984,img_v2_2117.jpg
985,img_v2_2118.jpg
986,img_v2_2119.jpg
987,img_v2_2120.jpg
988,img_v2_2121.jpg
989,img_v2_2122.jpg
990,img_v2_2123.jpg
991,img_v2_2124.jpg
992,img_v2_2125.jpg
993,img_v2_2126.jpg
994,img_v2_2127.jpg
995,img_v2_2128.jpg
996,img_v2_2129.jpg
997,img_v2_213.jpg
998,img_v2_2130.jpg
999,img_v2_2132.jpg
1000,img_v2_2135.jpg
1001,img_v2_2136.jpg
1002,img_v2_2137.jpg
1003,img_v2_2138.jpg
1004,img_v2_214.jpg
1005,img_v2_2140.jpg
1006,img_v2_2142.jpg
1007,img_v2_2145.jpg
1008,img_v2_2146.jpg
1009,img_v2_2147.jpg
1010,img_v2_2149.jpg
1011,img_v2_215.jpg
1012,img_v2_2150.jpg
1013,img_v2_2153.jpg
1014,img_v2_2154.jpg
1015,img_v2_2155.jpg
1016,img_v2_2156.jpg
1017,img_v2_2157.jpg
1018,img_v2_2158.jpg
1019,img_v2_2159.jpg
1020,img_v2_2160.jpg
1021,img_v2_2161.jpg
1022,img_v2_2162.jpg
1023,img_v2_2164.jpg
1024,img_v2_2165.jpg
1025,img_v2_2166.jpg
1026,img_v2_2167.jpg
1027,img_v2_2169.jpg
1028,img_v2_217.jpg
1029,img_v2_2172.jpg
1030,img_v2_2173.jpg
1031,img_v2_2174.jpg
1032,img_v2_2175.jpg
1033,img_v2_2176.jpg
1034,img_v2_2177.jpg
1035,img_v2_2178.jpg
1036,img_v2_2179.jpg
1037,img_v2_218.jpg
1038,img_v2_2180.jpg
1039,img_v2_2182.jpg
1040,img_v2_2183.jpg
1041,img_v2_2184.jpg
1042,img_v2_2185.jpg
1043,img_v2_2187.jpg
1044,img_v2_2188.jpg
1045,img_v2_2189.jpg
1046,img_v2_219.jpg
1047,img_v2_2190.jpg
1048,img_v2_2191.jpg
1049,img_v2_2195.jpg
1050,img_v2_2197.jpg
1051,img_v2_2199.jpg
1052,img_v2_22.jpg
1053,img_v2_220.jpg
1054,img_v2_2201.jpg
1055,img_v2_2202.jpg
1056,img_v2_2203.jpg
1057,img_v2_2204.jpg
1058,img_v2_2205.jpg
1059,img_v2_2206.jpg
1060,img_v2_2208.jpg
1061,img_v2_2209.jpg
1062,img_v2_221.jpg
1063,img_v2_2210.jpg
1064,img_v2_2211.jpg
1065,img_v2_2212.jpg
1066,img_v2_2213.jpg
1067,img_v2_2215.jpg
1068,img_v2_2216.jpg
1069,img_v2_2217.jpg
1070,img_v2_2218.jpg
1071,img_v2_2219.jpg
1072,img_v2_2220.jpg
1073,img_v2_2221.jpg
1074,img_v2_2222.jpg
1075,img_v2_2227.jpg
1076,img_v2_2228.jpg
1077,img_v2_223.jpg
1078,img_v2_2233.jpg
1079,img_v2_2234.jpg
1080,img_v2_2235.jpg
1081,img_v2_2236.jpg
1082,img_v2_2237.jpg
1083,img_v2_2239.jpg
1084,img_v2_224.jpg
1085,img_v2_2240.jpg
1086,img_v2_2241.jpg
1087,img_v2_2242.jpg
1088,img_v2_2243.jpg
1089,img_v2_2244.jpg
1090,img_v2_2245.jpg
1091,img_v2_2247.jpg
1092,img_v2_2248.jpg
1093,img_v2_2249.jpg
1094,img_v2_2251.jpg
1095,img_v2_2253.jpg
1096,img_v2_2254.jpg
1097,img_v2_2255.jpg
1098,img_v2_2256.jpg
1099,img_v2_2259.jpg
1100,img_v2_226.jpg
1101,img_v2_2260.jpg
1102,img_v2_2261.jpg
1103,img_v2_2262.jpg
1104,img_v2_2263.jpg
1105,img_v2_2264.jpg
1106,img_v2_2265.jpg
1107,img_v2_2266.jpg
1108,img_v2_2267.jpg
1109,img_v2_2268.jpg
1110,img_v2_227.jpg
1111,img_v2_2270.jpg
1112,img_v2_2272.jpg
1113,img_v2_2273.jpg
1114,img_v2_2274.jpg
1115,img_v2_2276.jpg
1116,img_v2_2277.jpg
1117,img_v2_228.jpg
1118,img_v2_2280.jpg
1119,img_v2_2281.jpg
1120,img_v2_2282.jpg
1121,img_v2_2284.jpg
1122,img_v2_2285.jpg
1123,img_v2_2288.jpg
1124,img_v2_229.jpg
1125,img_v2_2290.jpg
1126,img_v2_2291.jpg
1127,img_v2_2292.jpg
1128,img_v2_2293.jpg
1129,img_v2_2294.jpg
1130,img_v2_2295.jpg
1131,img_v2_2296.jpg
1132,img_v2_2298.jpg
1133,img_v2_2299.jpg
1134,img_v2_23.jpg
1135,img_v2_230.jpg
1136,img_v2_2300.jpg
1137,img_v2_2302.jpg
1138,img_v2_2304.jpg
1139,img_v2_2307.jpg
1140,img_v2_2308.jpg
1141,img_v2_2309.jpg
1142,img_v2_2310.jpg
1143,img_v2_2311.jpg
1144,img_v2_2314.jpg
1145,img_v2_2315.jpg
1146,img_v2_2316.jpg
1147,img_v2_2318.jpg
1148,img_v2_2319.jpg
1149,img_v2_232.jpg
1150,img_v2_2320.jpg
1151,img_v2_2321.jpg
1152,img_v2_2322.jpg
1153,img_v2_2323.jpg
1154,img_v2_2324.jpg
1155,img_v2_2325.jpg
1156,img_v2_2326.jpg
1157,img_v2_2327.jpg
1158,img_v2_2328.jpg
1159,img_v2_2329.jpg
1160,img_v2_233.jpg
1161,img_v2_2330.jpg
1162,img_v2_2331.jpg
1163,img_v2_2332.jpg
1164,img_v2_2333.jpg
1165,img_v2_2335.jpg
1166,img_v2_2336.jpg
1167,img_v2_2337.jpg
1168,img_v2_2338.jpg
1169,img_v2_2339.jpg
1170,img_v2_234.jpg
1171,img_v2_2340.jpg
1172,img_v2_2341.jpg
1173,img_v2_2343.jpg
1174,img_v2_2345.jpg
1175,img_v2_2346.jpg
1176,img_v2_2347.jpg
1177,img_v2_2348.jpg
1178,img_v2_2349.jpg
1179,img_v2_235.jpg
1180,img_v2_2350.jpg
1181,img_v2_2351.jpg
1182,img_v2_2352.jpg
1183,img_v2_2353.jpg
1184,img_v2_2354.jpg
1185,img_v2_2355.jpg
1186,img_v2_2356.jpg
1187,img_v2_2357.jpg
1188,img_v2_2358.jpg
1189,img_v2_236.jpg
1190,img_v2_2363.jpg
1191,img_v2_2364.jpg
1192,img_v2_2365.jpg
1193,img_v2_2367.jpg
1194,img_v2_2369.jpg
1195,img_v2_2373.jpg
1196,img_v2_2376.jpg
1197,img_v2_2377.jpg
1198,img_v2_2378.jpg
1199,img_v2_238.jpg
1200,img_v2_2380.jpg
1201,img_v2_2382.jpg
1202,img_v2_2383.jpg
1203,img_v2_2384.jpg
1204,img_v2_2386.jpg
1205,img_v2_2387.jpg
1206,img_v2_2388.jpg
1207,img_v2_2389.jpg
1208,img_v2_239.jpg
1209,img_v2_2390.jpg
1210,img_v2_2392.jpg
1211,img_v2_2393.jpg
1212,img_v2_2394.jpg
1213,img_v2_2396.jpg
1214,img_v2_2397.jpg
1215,img_v2_2398.jpg
1216,img_v2_2399.jpg
1217,img_v2_240.jpg
1218,img_v2_2400.jpg
1219,img_v2_2401.jpg
1220,img_v2_2402.jpg
1221,img_v2_2403.jpg
1222,img_v2_2404.jpg
1223,img_v2_2407.jpg
1224,img_v2_2408.jpg
1225,img_v2_2409.jpg
1226,img_v2_2411.jpg
1227,img_v2_2413.jpg
1228,img_v2_2415.jpg
1229,img_v2_2416.jpg
1230,img_v2_2417.jpg
1231,img_v2_2418.jpg
1232,img_v2_2419.jpg
1233,img_v2_242.jpg
1234,img_v2_2421.jpg
1235,img_v2_2422.jpg
1236,img_v2_2423.jpg
1237,img_v2_2424.jpg
1238,img_v2_2425.jpg
1239,img_v2_2427.jpg
1240,img_v2_2428.jpg
1241,img_v2_2429.jpg
1242,img_v2_2430.jpg
1243,img_v2_2431.jpg
1244,img_v2_2433.jpg
1245,img_v2_2437.jpg
1246,img_v2_2438.jpg
1247,img_v2_2439.jpg
1248,img_v2_2440.jpg
1249,img_v2_2441.jpg
1250,img_v2_2442.jpg
1251,img_v2_2443.jpg
1252,img_v2_2446.jpg
1253,img_v2_2447.jpg
1254,img_v2_2448.jpg
1255,img_v2_2449.jpg
1256,img_v2_245.jpg
1257,img_v2_2450.jpg
1258,img_v2_2451.jpg
1259,img_v2_2453.jpg
1260,img_v2_2454.jpg
1261,img_v2_2455.jpg
1262,img_v2_2456.jpg
1263,img_v2_2458.jpg
1264,img_v2_246.jpg
1265,img_v2_2462.jpg
1266,img_v2_2463.jpg
1267,img_v2_2464.jpg
1268,img_v2_2465.jpg
1269,img_v2_2466.jpg
1270,img_v2_2467.jpg
1271,img_v2_2469.jpg
1272,img_v2_247.jpg
1273,img_v2_2470.jpg
1274,img_v2_2471.jpg
1275,img_v2_2472.jpg
1276,img_v2_2473.jpg
1277,img_v2_2474.jpg
1278,img_v2_2475.jpg
1279,img_v2_2476.jpg
1280,img_v2_2478.jpg
1281,img_v2_248.jpg
1282,img_v2_2480.jpg
1283,img_v2_2481.jpg
1284,img_v2_2482.jpg
1285,img_v2_2483.jpg
1286,img_v2_2484.jpg
1287,img_v2_2486.jpg
1288,img_v2_2487.jpg
1289,img_v2_2489.jpg
1290,img_v2_249.jpg
1291,img_v2_2491.jpg
1292,img_v2_2492.jpg
1293,img_v2_2493.jpg
1294,img_v2_2494.jpg
1295,img_v2_2495.jpg
1296,img_v2_2496.jpg
1297,img_v2_2497.jpg
1298,img_v2_2498.jpg
1299,img_v2_25.jpg
1300,img_v2_2501.jpg
1301,img_v2_2502.jpg
1302,img_v2_2503.jpg
1303,img_v2_2504.jpg
1304,img_v2_2505.jpg
1305,img_v2_2507.jpg
1306,img_v2_2508.jpg
1307,img_v2_2509.jpg
1308,img_v2_251.jpg
1309,img_v2_2510.jpg
1310,img_v2_2511.jpg
1311,img_v2_2512.jpg
1312,img_v2_2513.jpg
1313,img_v2_2514.jpg
1314,img_v2_2515.jpg
1315,img_v2_2516.jpg
1316,img_v2_2518.jpg
1317,img_v2_2519.jpg
1318,img_v2_252.jpg
1319,img_v2_2520.jpg
1320,img_v2_2522.jpg
1321,img_v2_2523.jpg
1322,img_v2_2524.jpg
1323,img_v2_2526.jpg
1324,img_v2_2527.jpg
1325,img_v2_2528.jpg
1326,img_v2_253.jpg
1327,img_v2_2531.jpg
1328,img_v2_2532.jpg
1329,img_v2_2533.jpg
1330,img_v2_2534.jpg
1331,img_v2_2535.jpg
1332,img_v2_2536.jpg
1333,img_v2_2537.jpg
1334,img_v2_2539.jpg
1335,img_v2_2540.jpg
1336,img_v2_2541.jpg
1337,img_v2_2542.jpg
1338,img_v2_2543.jpg
1339,img_v2_2544.jpg
1340,img_v2_2546.jpg
1341,img_v2_2547.jpg
1342,img_v2_2548.jpg
1343,img_v2_255.jpg
1344,img_v2_2550.jpg
1345,img_v2_2551.jpg
1346,img_v2_2553.jpg
1347,img_v2_2554.jpg
1348,img_v2_2555.jpg
1349,img_v2_2556.jpg
1350,img_v2_2557.jpg
1351,img_v2_2558.jpg
1352,img_v2_2559.jpg
1353,img_v2_256.jpg
1354,img_v2_2560.jpg
1355,img_v2_2563.jpg
1356,img_v2_2564.jpg
1357,img_v2_2565.jpg
1358,img_v2_2568.jpg
1359,img_v2_2569.jpg
1360,img_v2_257.jpg
1361,img_v2_2571.jpg
1362,img_v2_2575.jpg
1363,img_v2_2577.jpg
1364,img_v2_2578.jpg
1365,img_v2_2579.jpg
1366,img_v2_258.jpg
1367,img_v2_2580.jpg
1368,img_v2_2581.jpg
1369,img_v2_2582.jpg
1370,img_v2_2583.jpg
1371,img_v2_2584.jpg
1372,img_v2_2585.jpg
1373,img_v2_2587.jpg
1374,img_v2_2588.jpg
1375,img_v2_2590.jpg
1376,img_v2_2591.jpg
1377,img_v2_2592.jpg
1378,img_v2_2595.jpg
1379,img_v2_2596.jpg
1380,img_v2_2597.jpg
1381,img_v2_2598.jpg
1382,img_v2_2599.jpg
1383,img_v2_260.jpg
1384,img_v2_2600.jpg
1385,img_v2_2601.jpg
1386,img_v2_2602.jpg
1387,img_v2_2604.jpg
1388,img_v2_2606.jpg
1389,img_v2_2607.jpg
1390,img_v2_2610.jpg
1391,img_v2_2611.jpg
1392,img_v2_2612.jpg
1393,img_v2_2613.jpg
1394,img_v2_2614.jpg
1395,img_v2_2615.jpg
1396,img_v2_2616.jpg
1397,img_v2_2617.jpg
1398,img_v2_2618.jpg
1399,img_v2_2619.jpg
1400,img_v2_262.jpg
1401,img_v2_2620.jpg
1402,img_v2_2621.jpg
1403,img_v2_2623.jpg
1404,img_v2_2625.jpg
1405,img_v2_2626.jpg
1406,img_v2_2627.jpg
1407,img_v2_2628.jpg
1408,img_v2_2629.jpg
1409,img_v2_263.jpg
1410,img_v2_2630.jpg
1411,img_v2_2631.jpg
1412,img_v2_2635.jpg
1413,img_v2_2637.jpg
1414,img_v2_2638.jpg
1415,img_v2_2639.jpg
1416,img_v2_264.jpg
1417,img_v2_2641.jpg
1418,img_v2_2643.jpg
1419,img_v2_2648.jpg
1420,img_v2_2649.jpg
1421,img_v2_265.jpg
1422,img_v2_2650.jpg
1423,img_v2_2651.jpg
1424,img_v2_2653.jpg
1425,img_v2_2654.jpg
1426,img_v2_2656.jpg
1427,img_v2_2657.jpg
1428,img_v2_2659.jpg
1429,img_v2_2660.jpg
1430,img_v2_2661.jpg
1431,img_v2_2663.jpg
1432,img_v2_2665.jpg
1433,img_v2_2666.jpg
1434,img_v2_2667.jpg
1435,img_v2_2668.jpg
1436,img_v2_267.jpg
1437,img_v2_2670.jpg
1438,img_v2_2671.jpg
1439,img_v2_2673.jpg
1440,img_v2_2674.jpg
1441,img_v2_2675.jpg
1442,img_v2_2676.jpg
1443,img_v2_2678.jpg
1444,img_v2_2679.jpg
1445,img_v2_2680.jpg
1446,img_v2_2683.jpg
1447,img_v2_2684.jpg
1448,img_v2_2685.jpg
1449,img_v2_2686.jpg
1450,img_v2_2688.jpg
1451,img_v2_2689.jpg
1452,img_v2_269.jpg
1453,img_v2_2690.jpg
1454,img_v2_2691.jpg
1455,img_v2_2693.jpg
1456,img_v2_2694.jpg
1457,img_v2_2695.jpg
1458,img_v2_2696.jpg
1459,img_v2_2697.jpg
1460,img_v2_2698.jpg
1461,img_v2_2699.jpg
1462,img_v2_270.jpg
1463,img_v2_2702.jpg
1464,img_v2_2703.jpg
1465,img_v2_2704.jpg
1466,img_v2_2705.jpg
1467,img_v2_2706.jpg
1468,img_v2_2707.jpg
1469,img_v2_2708.jpg
1470,img_v2_2709.jpg
1471,img_v2_271.jpg
1472,img_v2_2710.jpg
1473,img_v2_2711.jpg
1474,img_v2_2712.jpg
1475,img_v2_2713.jpg
1476,img_v2_2715.jpg
1477,img_v2_2716.jpg
1478,img_v2_2717.jpg
1479,img_v2_2718.jpg
1480,img_v2_2719.jpg
1481,img_v2_272.jpg
1482,img_v2_2720.jpg
1483,img_v2_2721.jpg
1484,img_v2_2722.jpg
1485,img_v2_2724.jpg
1486,img_v2_2725.jpg
1487,img_v2_2726.jpg
1488,img_v2_273.jpg
1489,img_v2_2730.jpg
1490,img_v2_2731.jpg
1491,img_v2_2733.jpg
1492,img_v2_2735.jpg
1493,img_v2_2736.jpg
1494,img_v2_2737.jpg
1495,img_v2_2738.jpg
1496,img_v2_274.jpg
1497,img_v2_2740.jpg
1498,img_v2_2742.jpg
1499,img_v2_2743.jpg
1500,img_v2_2746.jpg
1501,img_v2_2747.jpg
1502,img_v2_2748.jpg
1503,img_v2_2749.jpg
1504,img_v2_275.jpg
1505,img_v2_2751.jpg
1506,img_v2_2752.jpg
1507,img_v2_2753.jpg
1508,img_v2_2754.jpg
1509,img_v2_2755.jpg
1510,img_v2_2756.jpg
1511,img_v2_2758.jpg
1512,img_v2_2759.jpg
1513,img_v2_276.jpg
1514,img_v2_2762.jpg
1515,img_v2_2763.jpg
1516,img_v2_2765.jpg
1517,img_v2_2766.jpg
1518,img_v2_2767.jpg
1519,img_v2_2769.jpg
1520,img_v2_277.jpg
1521,img_v2_2770.jpg
1522,img_v2_2771.jpg
1523,img_v2_2772.jpg
1524,img_v2_2773.jpg
1525,img_v2_2774.jpg
1526,img_v2_2775.jpg
1527,img_v2_2777.jpg
1528,img_v2_278.jpg
1529,img_v2_2780.jpg
1530,img_v2_2781.jpg
1531,img_v2_2782.jpg
1532,img_v2_2787.jpg
1533,img_v2_2788.jpg
1534,img_v2_2789.jpg
1535,img_v2_279.jpg
1536,img_v2_2790.jpg
1537,img_v2_2791.jpg
1538,img_v2_2792.jpg
1539,img_v2_2793.jpg
1540,img_v2_2794.jpg
1541,img_v2_2796.jpg
1542,img_v2_2797.jpg
1543,img_v2_2798.jpg
1544,img_v2_2799.jpg
1545,img_v2_28.jpg
1546,img_v2_280.jpg
1547,img_v2_2800.jpg
1548,img_v2_2801.jpg
1549,img_v2_2802.jpg
1550,img_v2_2803.jpg
1551,img_v2_2805.jpg
1552,img_v2_2806.jpg
1553,img_v2_2807.jpg
1554,img_v2_2808.jpg
1555,img_v2_2810.jpg
1556,img_v2_2812.jpg
1557,img_v2_2813.jpg
1558,img_v2_2814.jpg
1559,img_v2_2815.jpg
1560,img_v2_2816.jpg
1561,img_v2_2817.jpg
1562,img_v2_2818.jpg
1563,img_v2_2819.jpg
1564,img_v2_282.jpg
1565,img_v2_2820.jpg
1566,img_v2_2821.jpg
1567,img_v2_2822.jpg
1568,img_v2_2824.jpg
1569,img_v2_2826.jpg
1570,img_v2_2827.jpg
1571,img_v2_2828.jpg
1572,img_v2_283.jpg
1573,img_v2_2830.jpg
1574,img_v2_2831.jpg
1575,img_v2_2832.jpg
1576,img_v2_2834.jpg
1577,img_v2_2835.jpg
1578,img_v2_2836.jpg
1579,img_v2_2837.jpg
1580,img_v2_2839.jpg
1581,img_v2_284.jpg
1582,img_v2_2840.jpg
1583,img_v2_2841.jpg
1584,img_v2_2843.jpg
1585,img_v2_2844.jpg
1586,img_v2_2845.jpg
1587,img_v2_2846.jpg
1588,img_v2_2847.jpg
1589,img_v2_2848.jpg
1590,img_v2_285.jpg
1591,img_v2_2850.jpg
1592,img_v2_2852.jpg
1593,img_v2_2854.jpg
1594,img_v2_2855.jpg
1595,img_v2_2856.jpg
1596,img_v2_2857.jpg
1597,img_v2_286.jpg
1598,img_v2_2860.jpg
1599,img_v2_2861.jpg
1600,img_v2_2863.jpg
1601,img_v2_2864.jpg
1602,img_v2_2865.jpg
1603,img_v2_2866.jpg
1604,img_v2_2868.jpg
1605,img_v2_2869.jpg
1606,img_v2_287.jpg
1607,img_v2_2871.jpg
1608,img_v2_2873.jpg
1609,img_v2_2874.jpg
1610,img_v2_2875.jpg
1611,img_v2_2876.jpg
1612,img_v2_2877.jpg
1613,img_v2_2879.jpg
1614,img_v2_2882.jpg
1615,img_v2_2883.jpg
1616,img_v2_2884.jpg
1617,img_v2_2885.jpg
1618,img_v2_2886.jpg
1619,img_v2_2887.jpg
1620,img_v2_2888.jpg
1621,img_v2_2889.jpg
1622,img_v2_2890.jpg
1623,img_v2_2894.jpg
1624,img_v2_2896.jpg
1625,img_v2_2897.jpg
1626,img_v2_2898.jpg
1627,img_v2_2899.jpg
1628,img_v2_290.jpg
1629,img_v2_2900.jpg
1630,img_v2_2901.jpg
1631,img_v2_2903.jpg
1632,img_v2_2904.jpg
1633,img_v2_2905.jpg
1634,img_v2_2906.jpg
1635,img_v2_2907.jpg
1636,img_v2_2908.jpg
1637,img_v2_2909.jpg
1638,img_v2_291.jpg
1639,img_v2_2911.jpg
1640,img_v2_2912.jpg
1641,img_v2_2913.jpg
1642,img_v2_2914.jpg
1643,img_v2_2915.jpg
1644,img_v2_2916.jpg
1645,img_v2_2917.jpg
1646,img_v2_2920.jpg
1647,img_v2_2921.jpg
1648,img_v2_2923.jpg
1649,img_v2_2924.jpg
1650,img_v2_2928.jpg
1651,img_v2_2929.jpg
1652,img_v2_293.jpg
1653,img_v2_2930.jpg
1654,img_v2_2931.jpg
1655,img_v2_2934.jpg
1656,img_v2_2935.jpg
1657,img_v2_2937.jpg
1658,img_v2_2938.jpg
1659,img_v2_2939.jpg
1660,img_v2_294.jpg
1661,img_v2_2940.jpg
1662,img_v2_2941.jpg
1663,img_v2_2942.jpg
1664,img_v2_2943.jpg
1665,img_v2_2944.jpg
1666,img_v2_2946.jpg
1667,img_v2_2949.jpg
1668,img_v2_295.jpg
1669,img_v2_2950.jpg
1670,img_v2_2951.jpg
1671,img_v2_2952.jpg
1672,img_v2_2953.jpg
1673,img_v2_2955.jpg
1674,img_v2_2956.jpg
1675,img_v2_2958.jpg
1676,img_v2_2960.jpg
1677,img_v2_2961.jpg
1678,img_v2_2962.jpg
1679,img_v2_2963.jpg
1680,img_v2_2964.jpg
1681,img_v2_2965.jpg
1682,img_v2_2966.jpg
1683,img_v2_2967.jpg
1684,img_v2_2968.jpg
1685,img_v2_2970.jpg
1686,img_v2_2971.jpg
1687,img_v2_2972.jpg
1688,img_v2_2974.jpg
1689,img_v2_2975.jpg
1690,img_v2_2977.jpg
1691,img_v2_2978.jpg
1692,img_v2_2979.jpg
1693,img_v2_2981.jpg
1694,img_v2_2982.jpg
1695,img_v2_2983.jpg
1696,img_v2_2984.jpg
1697,img_v2_2985.jpg
1698,img_v2_2987.jpg
1699,img_v2_2988.jpg
1700,img_v2_2991.jpg
1701,img_v2_2992.jpg
1702,img_v2_2993.jpg
1703,img_v2_2996.jpg
1704,img_v2_2997.jpg
1705,img_v2_2998.jpg
1706,img_v2_2999.jpg
1707,img_v2_3.jpg
1708,img_v2_3000.jpg
1709,img_v2_3001.jpg
1710,img_v2_3002.jpg
1711,img_v2_3004.jpg
1712,img_v2_3005.jpg
1713,img_v2_3006.jpg
1714,img_v2_3008.jpg
1715,img_v2_3010.jpg
1716,img_v2_3011.jpg
1717,img_v2_3012.jpg
1718,img_v2_3013.jpg
1719,img_v2_3014.jpg
1720,img_v2_3015.jpg
1721,img_v2_3017.jpg
1722,img_v2_3018.jpg
1723,img_v2_3019.jpg
1724,img_v2_302.jpg
1725,img_v2_3021.jpg
1726,img_v2_3024.jpg
1727,img_v2_3025.jpg
1728,img_v2_3026.jpg
1729,img_v2_3027.jpg
1730,img_v2_3028.jpg
1731,img_v2_3029.jpg
1732,img_v2_303.jpg
1733,img_v2_3030.jpg
1734,img_v2_3032.jpg
1735,img_v2_3033.jpg
1736,img_v2_3035.jpg
1737,img_v2_3036.jpg
1738,img_v2_3037.jpg
1739,img_v2_3038.jpg
1740,img_v2_3040.jpg
1741,img_v2_3042.jpg
1742,img_v2_3044.jpg
1743,img_v2_3045.jpg
1744,img_v2_3046.jpg
1745,img_v2_3047.jpg
1746,img_v2_3048.jpg
1747,img_v2_3049.jpg
1748,img_v2_3050.jpg
1749,img_v2_3051.jpg
1750,img_v2_3052.jpg
1751,img_v2_3053.jpg
1752,img_v2_3054.jpg
1753,img_v2_3055.jpg
1754,img_v2_3056.jpg
1755,img_v2_3057.jpg
1756,img_v2_3058.jpg
1757,img_v2_3059.jpg
1758,img_v2_306.jpg
1759,img_v2_3060.jpg
1760,img_v2_3061.jpg
1761,img_v2_3063.jpg
1762,img_v2_3064.jpg
1763,img_v2_3065.jpg
1764,img_v2_3066.jpg
1765,img_v2_3067.jpg
1766,img_v2_3068.jpg
1767,img_v2_3069.jpg
1768,img_v2_307.jpg
1769,img_v2_3070.jpg
1770,img_v2_3072.jpg
1771,img_v2_3073.jpg
1772,img_v2_3075.jpg
1773,img_v2_3076.jpg
1774,img_v2_3077.jpg
1775,img_v2_3078.jpg
1776,img_v2_308.jpg
1777,img_v2_3080.jpg
1778,img_v2_3081.jpg
1779,img_v2_3083.jpg
1780,img_v2_3084.jpg
1781,img_v2_3085.jpg
1782,img_v2_3086.jpg
1783,img_v2_3087.jpg
1784,img_v2_3088.jpg
1785,img_v2_3089.jpg
1786,img_v2_3090.jpg
1787,img_v2_3092.jpg
1788,img_v2_3093.jpg
1789,img_v2_3094.jpg
1790,img_v2_3096.jpg
1791,img_v2_3097.jpg
1792,img_v2_3098.jpg
1793,img_v2_3099.jpg
1794,img_v2_31.jpg
1795,img_v2_310.jpg
1796,img_v2_3100.jpg
1797,img_v2_3102.jpg
1798,img_v2_3104.jpg
1799,img_v2_3105.jpg
1800,img_v2_3106.jpg
1801,img_v2_3107.jpg
1802,img_v2_3108.jpg
1803,img_v2_3109.jpg
1804,img_v2_3110.jpg
1805,img_v2_3111.jpg
1806,img_v2_3112.jpg
1807,img_v2_3113.jpg
1808,img_v2_3114.jpg
1809,img_v2_3115.jpg
1810,img_v2_3116.jpg
1811,img_v2_3117.jpg
1812,img_v2_3119.jpg
1813,img_v2_3120.jpg
1814,img_v2_3122.jpg
1815,img_v2_3123.jpg
1816,img_v2_3124.jpg
1817,img_v2_3125.jpg
1818,img_v2_3127.jpg
1819,img_v2_3128.jpg
1820,img_v2_3129.jpg
1821,img_v2_313.jpg
1822,img_v2_3130.jpg
1823,img_v2_3131.jpg
1824,img_v2_3132.jpg
1825,img_v2_3136.jpg
1826,img_v2_3137.jpg
1827,img_v2_3140.jpg
1828,img_v2_3141.jpg
1829,img_v2_3143.jpg
1830,img_v2_3144.jpg
1831,img_v2_3146.jpg
1832,img_v2_3147.jpg
1833,img_v2_3149.jpg
1834,img_v2_315.jpg
1835,img_v2_3150.jpg
1836,img_v2_3151.jpg
1837,img_v2_3153.jpg
1838,img_v2_3154.jpg
1839,img_v2_3156.jpg
1840,img_v2_3157.jpg
1841,img_v2_316.jpg
1842,img_v2_3161.jpg
1843,img_v2_3163.jpg
1844,img_v2_3164.jpg
1845,img_v2_3166.jpg
1846,img_v2_3167.jpg
1847,img_v2_3168.jpg
1848,img_v2_3169.jpg
1849,img_v2_317.jpg
1850,img_v2_3170.jpg
1851,img_v2_3171.jpg
1852,img_v2_3172.jpg
1853,img_v2_3173.jpg
1854,img_v2_3174.jpg
1855,img_v2_3175.jpg
1856,img_v2_3176.jpg
1857,img_v2_3177.jpg
1858,img_v2_3178.jpg
1859,img_v2_3179.jpg
1860,img_v2_318.jpg
1861,img_v2_3180.jpg
1862,img_v2_3183.jpg
1863,img_v2_3184.jpg
1864,img_v2_3186.jpg
1865,img_v2_3187.jpg
1866,img_v2_3188.jpg
1867,img_v2_3190.jpg
1868,img_v2_3191.jpg
1869,img_v2_3192.jpg
1870,img_v2_3193.jpg
1871,img_v2_3194.jpg
1872,img_v2_3195.jpg
1873,img_v2_3196.jpg
1874,img_v2_3197.jpg
1875,img_v2_3199.jpg
1876,img_v2_32.jpg
1877,img_v2_320.jpg
1878,img_v2_3201.jpg
1879,img_v2_3202.jpg
1880,img_v2_3203.jpg
1881,img_v2_3204.jpg
1882,img_v2_3205.jpg
1883,img_v2_3206.jpg
1884,img_v2_3207.jpg
1885,img_v2_3208.jpg
1886,img_v2_3209.jpg
1887,img_v2_321.jpg
1888,img_v2_3210.jpg
1889,img_v2_3211.jpg
1890,img_v2_3212.jpg
1891,img_v2_3213.jpg
1892,img_v2_3214.jpg
1893,img_v2_3215.jpg
1894,img_v2_3218.jpg
1895,img_v2_3219.jpg
1896,img_v2_322.jpg
1897,img_v2_3220.jpg
1898,img_v2_3221.jpg
1899,img_v2_3222.jpg
1900,img_v2_3224.jpg
1901,img_v2_3225.jpg
1902,img_v2_3227.jpg
1903,img_v2_3228.jpg
1904,img_v2_323.jpg
1905,img_v2_3230.jpg
1906,img_v2_3232.jpg
1907,img_v2_3234.jpg
1908,img_v2_3235.jpg
1909,img_v2_3236.jpg
1910,img_v2_3237.jpg
1911,img_v2_3238.jpg
1912,img_v2_3239.jpg
1913,img_v2_3240.jpg
1914,img_v2_3241.jpg
1915,img_v2_3243.jpg
1916,img_v2_3244.jpg
1917,img_v2_3245.jpg
1918,img_v2_3246.jpg
1919,img_v2_3247.jpg
1920,img_v2_3248.jpg
1921,img_v2_3250.jpg
1922,img_v2_3251.jpg
1923,img_v2_3252.jpg
1924,img_v2_3254.jpg
1925,img_v2_3255.jpg
1926,img_v2_3256.jpg
1927,img_v2_3257.jpg
1928,img_v2_3258.jpg
1929,img_v2_3259.jpg
1930,img_v2_326.jpg
1931,img_v2_3261.jpg
1932,img_v2_3262.jpg
1933,img_v2_3263.jpg
1934,img_v2_3264.jpg
1935,img_v2_3266.jpg
1936,img_v2_3267.jpg
1937,img_v2_3269.jpg
1938,img_v2_3270.jpg
1939,img_v2_3271.jpg
1940,img_v2_3273.jpg
1941,img_v2_3275.jpg
1942,img_v2_3276.jpg
1943,img_v2_3277.jpg
1944,img_v2_3278.jpg
1945,img_v2_3280.jpg
1946,img_v2_3281.jpg
1947,img_v2_3283.jpg
1948,img_v2_3285.jpg
1949,img_v2_3286.jpg
1950,img_v2_3289.jpg
1951,img_v2_329.jpg
1952,img_v2_3290.jpg
1953,img_v2_3291.jpg
1954,img_v2_3292.jpg
1955,img_v2_3293.jpg
1956,img_v2_3296.jpg
1957,img_v2_3299.jpg
1958,img_v2_33.jpg
1959,img_v2_330.jpg
1960,img_v2_3300.jpg
1961,img_v2_3301.jpg
1962,img_v2_3302.jpg
1963,img_v2_3303.jpg
1964,img_v2_3304.jpg
1965,img_v2_3306.jpg
1966,img_v2_3308.jpg
1967,img_v2_3309.jpg
1968,img_v2_331.jpg
1969,img_v2_3313.jpg
1970,img_v2_3314.jpg
1971,img_v2_3316.jpg
1972,img_v2_3317.jpg
1973,img_v2_3318.jpg
1974,img_v2_3320.jpg
1975,img_v2_3321.jpg
1976,img_v2_3322.jpg
1977,img_v2_3323.jpg
1978,img_v2_3327.jpg
1979,img_v2_3329.jpg
1980,img_v2_3331.jpg
1981,img_v2_3332.jpg
1982,img_v2_3333.jpg
1983,img_v2_3334.jpg
1984,img_v2_3335.jpg
1985,img_v2_3336.jpg
1986,img_v2_3337.jpg
1987,img_v2_3338.jpg
1988,img_v2_3339.jpg
1989,img_v2_3341.jpg
1990,img_v2_3343.jpg
1991,img_v2_3344.jpg
1992,img_v2_3345.jpg
1993,img_v2_3346.jpg
1994,img_v2_3347.jpg
1995,img_v2_3348.jpg
1996,img_v2_3349.jpg
1997,img_v2_335.jpg
1998,img_v2_3350.jpg
1999,img_v2_3351.jpg
2000,img_v2_3353.jpg
2001,img_v2_3355.jpg
2002,img_v2_3357.jpg
2003,img_v2_3359.jpg
2004,img_v2_3360.jpg
2005,img_v2_3363.jpg
2006,img_v2_3364.jpg
2007,img_v2_3366.jpg
2008,img_v2_3369.jpg
2009,img_v2_337.jpg
2010,img_v2_3370.jpg
2011,img_v2_3372.jpg
2012,img_v2_3373.jpg
2013,img_v2_3374.jpg
2014,img_v2_3377.jpg
2015,img_v2_338.jpg
2016,img_v2_3380.jpg
2017,img_v2_3381.jpg
2018,img_v2_3383.jpg
2019,img_v2_3385.jpg
2020,img_v2_3386.jpg
2021,img_v2_3388.jpg
2022,img_v2_339.jpg
2023,img_v2_3390.jpg
2024,img_v2_3392.jpg
2025,img_v2_3393.jpg
2026,img_v2_3394.jpg
2027,img_v2_3395.jpg
2028,img_v2_3398.jpg
2029,img_v2_3399.jpg
2030,img_v2_34.jpg
2031,img_v2_340.jpg
2032,img_v2_3402.jpg
2033,img_v2_3404.jpg
2034,img_v2_3405.jpg
2035,img_v2_3406.jpg
2036,img_v2_3407.jpg
2037,img_v2_3408.jpg
2038,img_v2_341.jpg
2039,img_v2_3410.jpg
2040,img_v2_3411.jpg
2041,img_v2_3412.jpg
2042,img_v2_3413.jpg
2043,img_v2_3414.jpg
2044,img_v2_3415.jpg
2045,img_v2_3416.jpg
2046,img_v2_3417.jpg
2047,img_v2_3418.jpg
2048,img_v2_3420.jpg
2049,img_v2_3421.jpg
2050,img_v2_3422.jpg
2051,img_v2_3423.jpg
2052,img_v2_3424.jpg
2053,img_v2_3425.jpg
2054,img_v2_3426.jpg
2055,img_v2_3427.jpg
2056,img_v2_3428.jpg
2057,img_v2_3429.jpg
2058,img_v2_343.jpg
2059,img_v2_3430.jpg
2060,img_v2_3431.jpg
2061,img_v2_3432.jpg
2062,img_v2_3434.jpg
2063,img_v2_3435.jpg
2064,img_v2_3436.jpg
2065,img_v2_3438.jpg
2066,img_v2_3439.jpg
2067,img_v2_344.jpg
2068,img_v2_3440.jpg
2069,img_v2_3442.jpg
2070,img_v2_3443.jpg
2071,img_v2_3446.jpg
2072,img_v2_3447.jpg
2073,img_v2_3448.jpg
2074,img_v2_3449.jpg
2075,img_v2_345.jpg
2076,img_v2_3450.jpg
2077,img_v2_3451.jpg
2078,img_v2_3453.jpg
2079,img_v2_3454.jpg
2080,img_v2_3455.jpg
2081,img_v2_3457.jpg
2082,img_v2_3458.jpg
2083,img_v2_3459.jpg
2084,img_v2_3460.jpg
2085,img_v2_3461.jpg
2086,img_v2_3462.jpg
2087,img_v2_3464.jpg
2088,img_v2_3465.jpg
2089,img_v2_3466.jpg
2090,img_v2_3467.jpg
2091,img_v2_3468.jpg
2092,img_v2_3469.jpg
2093,img_v2_347.jpg
2094,img_v2_3470.jpg
2095,img_v2_3471.jpg
2096,img_v2_3472.jpg
2097,img_v2_3473.jpg
2098,img_v2_3474.jpg
2099,img_v2_3476.jpg
2100,img_v2_3477.jpg
2101,img_v2_3479.jpg
2102,img_v2_3480.jpg
2103,img_v2_3481.jpg
2104,img_v2_3482.jpg
2105,img_v2_3486.jpg
2106,img_v2_3487.jpg
2107,img_v2_3488.jpg
2108,img_v2_3489.jpg
2109,img_v2_349.jpg
2110,img_v2_3490.jpg
2111,img_v2_3491.jpg
2112,img_v2_3492.jpg
2113,img_v2_3493.jpg
2114,img_v2_3495.jpg
2115,img_v2_3496.jpg
2116,img_v2_3497.jpg
2117,img_v2_3498.jpg
2118,img_v2_3499.jpg
2119,img_v2_35.jpg
2120,img_v2_350.jpg
2121,img_v2_3500.jpg
2122,img_v2_3501.jpg
2123,img_v2_3502.jpg
2124,img_v2_3503.jpg
2125,img_v2_3504.jpg
2126,img_v2_3505.jpg
2127,img_v2_3506.jpg
2128,img_v2_3507.jpg
2129,img_v2_3508.jpg
2130,img_v2_3509.jpg
2131,img_v2_3510.jpg
2132,img_v2_3511.jpg
2133,img_v2_3513.jpg
2134,img_v2_3515.jpg
2135,img_v2_3516.jpg
2136,img_v2_3517.jpg
2137,img_v2_3518.jpg
2138,img_v2_3519.jpg
2139,img_v2_352.jpg
2140,img_v2_3520.jpg
2141,img_v2_3521.jpg
2142,img_v2_3523.jpg
2143,img_v2_3526.jpg
2144,img_v2_3528.jpg
2145,img_v2_3529.jpg
2146,img_v2_3530.jpg
2147,img_v2_3531.jpg
2148,img_v2_3532.jpg
2149,img_v2_3533.jpg
2150,img_v2_3535.jpg
2151,img_v2_3536.jpg
2152,img_v2_3537.jpg
2153,img_v2_3538.jpg
2154,img_v2_3539.jpg
2155,img_v2_354.jpg
2156,img_v2_3540.jpg
2157,img_v2_3541.jpg
2158,img_v2_3543.jpg
2159,img_v2_3545.jpg
2160,img_v2_3546.jpg
2161,img_v2_3548.jpg
2162,img_v2_3549.jpg
2163,img_v2_355.jpg
2164,img_v2_3550.jpg
2165,img_v2_3552.jpg
2166,img_v2_3555.jpg
2167,img_v2_3559.jpg
2168,img_v2_356.jpg
2169,img_v2_3563.jpg
2170,img_v2_3564.jpg
2171,img_v2_3565.jpg
2172,img_v2_3566.jpg
2173,img_v2_3567.jpg
2174,img_v2_3568.jpg
2175,img_v2_3569.jpg
2176,img_v2_357.jpg
2177,img_v2_3572.jpg
2178,img_v2_3573.jpg
2179,img_v2_3575.jpg
2180,img_v2_3576.jpg
2181,img_v2_3577.jpg
2182,img_v2_358.jpg
2183,img_v2_3580.jpg
2184,img_v2_3581.jpg
2185,img_v2_3582.jpg
2186,img_v2_3583.jpg
2187,img_v2_3584.jpg
2188,img_v2_3586.jpg
2189,img_v2_3587.jpg
2190,img_v2_3590.jpg
2191,img_v2_3591.jpg
2192,img_v2_3592.jpg
2193,img_v2_3593.jpg
2194,img_v2_3594.jpg
2195,img_v2_3596.jpg
2196,img_v2_3597.jpg
2197,img_v2_3598.jpg
2198,img_v2_3599.jpg
2199,img_v2_3600.jpg
2200,img_v2_3601.jpg
2201,img_v2_3602.jpg
2202,img_v2_3604.jpg
2203,img_v2_3606.jpg
2204,img_v2_3607.jpg
2205,img_v2_3609.jpg
2206,img_v2_361.jpg
2207,img_v2_3611.jpg
2208,img_v2_3612.jpg
2209,img_v2_3613.jpg
2210,img_v2_3615.jpg
2211,img_v2_3616.jpg
2212,img_v2_3618.jpg
2213,img_v2_3619.jpg
2214,img_v2_362.jpg
2215,img_v2_3620.jpg
2216,img_v2_3621.jpg
2217,img_v2_3623.jpg
2218,img_v2_3624.jpg
2219,img_v2_3625.jpg
2220,img_v2_3626.jpg
2221,img_v2_3627.jpg
2222,img_v2_3629.jpg
2223,img_v2_363.jpg
2224,img_v2_3630.jpg
2225,img_v2_3631.jpg
2226,img_v2_3632.jpg
2227,img_v2_3633.jpg
2228,img_v2_3634.jpg
2229,img_v2_3635.jpg
2230,img_v2_3636.jpg
2231,img_v2_3639.jpg
2232,img_v2_364.jpg
2233,img_v2_3640.jpg
2234,img_v2_3641.jpg
2235,img_v2_3642.jpg
2236,img_v2_3643.jpg
2237,img_v2_3645.jpg
2238,img_v2_3646.jpg
2239,img_v2_3648.jpg
2240,img_v2_365.jpg
2241,img_v2_3650.jpg
2242,img_v2_3651.jpg
2243,img_v2_3653.jpg
2244,img_v2_3654.jpg
2245,img_v2_3656.jpg
2246,img_v2_3658.jpg
2247,img_v2_366.jpg
2248,img_v2_3660.jpg
2249,img_v2_3661.jpg
2250,img_v2_3663.jpg
2251,img_v2_3664.jpg
2252,img_v2_3665.jpg
2253,img_v2_3666.jpg
2254,img_v2_3667.jpg
2255,img_v2_3668.jpg
2256,img_v2_3669.jpg
2257,img_v2_3670.jpg
2258,img_v2_3671.jpg
2259,img_v2_3672.jpg
2260,img_v2_3674.jpg
2261,img_v2_3675.jpg
2262,img_v2_3676.jpg
2263,img_v2_3677.jpg
2264,img_v2_3678.jpg
2265,img_v2_3679.jpg
2266,img_v2_368.jpg
2267,img_v2_3680.jpg
2268,img_v2_3682.jpg
2269,img_v2_3683.jpg
2270,img_v2_3685.jpg
2271,img_v2_3686.jpg
2272,img_v2_3688.jpg
2273,img_v2_3689.jpg
2274,img_v2_369.jpg
2275,img_v2_3690.jpg
2276,img_v2_3691.jpg
2277,img_v2_3693.jpg
2278,img_v2_3695.jpg
2279,img_v2_3696.jpg
2280,img_v2_3697.jpg
2281,img_v2_3699.jpg
2282,img_v2_3700.jpg
2283,img_v2_3701.jpg
2284,img_v2_3702.jpg
2285,img_v2_3703.jpg
2286,img_v2_3704.jpg
2287,img_v2_3706.jpg
2288,img_v2_3708.jpg
2289,img_v2_3709.jpg
2290,img_v2_371.jpg
2291,img_v2_3711.jpg
2292,img_v2_3712.jpg
2293,img_v2_3714.jpg
2294,img_v2_3715.jpg
2295,img_v2_3717.jpg
2296,img_v2_3719.jpg
2297,img_v2_372.jpg
2298,img_v2_3720.jpg
2299,img_v2_3721.jpg
2300,img_v2_3722.jpg
2301,img_v2_3723.jpg
2302,img_v2_3726.jpg
2303,img_v2_3729.jpg
2304,img_v2_3731.jpg
2305,img_v2_3732.jpg
2306,img_v2_3733.jpg
2307,img_v2_3736.jpg
2308,img_v2_3738.jpg
2309,img_v2_3741.jpg
2310,img_v2_3742.jpg
2311,img_v2_3743.jpg
2312,img_v2_3745.jpg
2313,img_v2_3746.jpg
2314,img_v2_3749.jpg
2315,img_v2_375.jpg
2316,img_v2_3750.jpg
2317,img_v2_3752.jpg
2318,img_v2_3754.jpg
2319,img_v2_3755.jpg
2320,img_v2_3756.jpg
2321,img_v2_3757.jpg
2322,img_v2_3758.jpg
2323,img_v2_3759.jpg
2324,img_v2_376.jpg
2325,img_v2_3760.jpg
2326,img_v2_3761.jpg
2327,img_v2_3762.jpg
2328,img_v2_3764.jpg
2329,img_v2_3765.jpg
2330,img_v2_3767.jpg
2331,img_v2_3769.jpg
2332,img_v2_377.jpg
2333,img_v2_3770.jpg
2334,img_v2_3772.jpg
2335,img_v2_3774.jpg
2336,img_v2_3775.jpg
2337,img_v2_3776.jpg
2338,img_v2_3777.jpg
2339,img_v2_3778.jpg
2340,img_v2_3779.jpg
2341,img_v2_378.jpg
2342,img_v2_3781.jpg
2343,img_v2_3783.jpg
2344,img_v2_3784.jpg
2345,img_v2_3785.jpg
2346,img_v2_3786.jpg
2347,img_v2_3787.jpg
2348,img_v2_3788.jpg
2349,img_v2_3790.jpg
2350,img_v2_3791.jpg
2351,img_v2_3792.jpg
2352,img_v2_3793.jpg
2353,img_v2_3794.jpg
2354,img_v2_3795.jpg
2355,img_v2_3796.jpg
2356,img_v2_3797.jpg
2357,img_v2_3798.jpg
2358,img_v2_3799.jpg
2359,img_v2_38.jpg
2360,img_v2_3801.jpg
2361,img_v2_3802.jpg
2362,img_v2_3803.jpg
2363,img_v2_3804.jpg
2364,img_v2_3807.jpg
2365,img_v2_3808.jpg
2366,img_v2_3809.jpg
2367,img_v2_381.jpg
2368,img_v2_3810.jpg
2369,img_v2_3811.jpg
2370,img_v2_3813.jpg
2371,img_v2_3814.jpg
2372,img_v2_3815.jpg
2373,img_v2_3816.jpg
2374,img_v2_3818.jpg
2375,img_v2_3819.jpg
2376,img_v2_382.jpg
2377,img_v2_3820.jpg
2378,img_v2_3821.jpg
2379,img_v2_3822.jpg
2380,img_v2_3824.jpg
2381,img_v2_3825.jpg
2382,img_v2_3826.jpg
2383,img_v2_3827.jpg
2384,img_v2_3828.jpg
2385,img_v2_3829.jpg
2386,img_v2_3830.jpg
2387,img_v2_3832.jpg
2388,img_v2_3835.jpg
2389,img_v2_3836.jpg
2390,img_v2_3837.jpg
2391,img_v2_3839.jpg
2392,img_v2_384.jpg
2393,img_v2_3840.jpg
2394,img_v2_3841.jpg
2395,img_v2_3842.jpg
2396,img_v2_3843.jpg
2397,img_v2_3844.jpg
2398,img_v2_3845.jpg
2399,img_v2_3846.jpg
2400,img_v2_3847.jpg
2401,img_v2_3848.jpg
2402,img_v2_3849.jpg
2403,img_v2_3850.jpg
2404,img_v2_3852.jpg
2405,img_v2_3853.jpg
2406,img_v2_3854.jpg
2407,img_v2_3855.jpg
2408,img_v2_3856.jpg
2409,img_v2_3857.jpg
2410,img_v2_3858.jpg
2411,img_v2_386.jpg
2412,img_v2_3862.jpg
2413,img_v2_3863.jpg
2414,img_v2_3864.jpg
2415,img_v2_3866.jpg
2416,img_v2_3867.jpg
2417,img_v2_3868.jpg
2418,img_v2_387.jpg
2419,img_v2_3870.jpg
2420,img_v2_3871.jpg
2421,img_v2_3873.jpg
2422,img_v2_3874.jpg
2423,img_v2_3875.jpg
2424,img_v2_3877.jpg
2425,img_v2_3878.jpg
2426,img_v2_3879.jpg
2427,img_v2_388.jpg
2428,img_v2_3880.jpg
2429,img_v2_3881.jpg
2430,img_v2_3883.jpg
2431,img_v2_3884.jpg
2432,img_v2_3885.jpg
2433,img_v2_3887.jpg
2434,img_v2_3889.jpg
2435,img_v2_389.jpg
2436,img_v2_3890.jpg
2437,img_v2_3892.jpg
2438,img_v2_3893.jpg
2439,img_v2_3894.jpg
2440,img_v2_3895.jpg
2441,img_v2_3896.jpg
2442,img_v2_3897.jpg
2443,img_v2_3898.jpg
2444,img_v2_3899.jpg
2445,img_v2_39.jpg
2446,img_v2_390.jpg
2447,img_v2_3900.jpg
2448,img_v2_3901.jpg
2449,img_v2_3902.jpg
2450,img_v2_3903.jpg
2451,img_v2_3904.jpg
2452,img_v2_3906.jpg
2453,img_v2_3907.jpg
2454,img_v2_3908.jpg
2455,img_v2_3909.jpg
2456,img_v2_3911.jpg
2457,img_v2_3912.jpg
2458,img_v2_3913.jpg
2459,img_v2_3917.jpg
2460,img_v2_3919.jpg
2461,img_v2_392.jpg
2462,img_v2_3920.jpg
2463,img_v2_3921.jpg
2464,img_v2_3922.jpg
2465,img_v2_3923.jpg
2466,img_v2_3924.jpg
2467,img_v2_3925.jpg
2468,img_v2_3926.jpg
2469,img_v2_3927.jpg
2470,img_v2_393.jpg
2471,img_v2_3930.jpg
2472,img_v2_3931.jpg
2473,img_v2_3932.jpg
2474,img_v2_3933.jpg
2475,img_v2_3935.jpg
2476,img_v2_3936.jpg
2477,img_v2_3937.jpg
2478,img_v2_3938.jpg
2479,img_v2_3939.jpg
2480,img_v2_3940.jpg
2481,img_v2_3941.jpg
2482,img_v2_3943.jpg
2483,img_v2_3944.jpg
2484,img_v2_3945.jpg
2485,img_v2_3946.jpg
2486,img_v2_3947.jpg
2487,img_v2_3948.jpg
2488,img_v2_3949.jpg
2489,img_v2_395.jpg
2490,img_v2_3950.jpg
2491,img_v2_3951.jpg
2492,img_v2_3953.jpg
2493,img_v2_3954.jpg
2494,img_v2_3955.jpg
2495,img_v2_3956.jpg
2496,img_v2_3958.jpg
2497,img_v2_3960.jpg
2498,img_v2_3961.jpg
2499,img_v2_3962.jpg
2500,img_v2_3963.jpg
2501,img_v2_3964.jpg
2502,img_v2_3965.jpg
2503,img_v2_3968.jpg
2504,img_v2_3969.jpg
2505,img_v2_397.jpg
2506,img_v2_3970.jpg
2507,img_v2_3971.jpg
2508,img_v2_3972.jpg
2509,img_v2_3974.jpg
2510,img_v2_3975.jpg
2511,img_v2_3976.jpg
2512,img_v2_3977.jpg
2513,img_v2_3978.jpg
2514,img_v2_3979.jpg
2515,img_v2_3980.jpg
2516,img_v2_3981.jpg
2517,img_v2_3982.jpg
2518,img_v2_3983.jpg
2519,img_v2_3984.jpg
2520,img_v2_3985.jpg
2521,img_v2_3989.jpg
2522,img_v2_3990.jpg
2523,img_v2_3995.jpg
2524,img_v2_3996.jpg
2525,img_v2_3997.jpg
2526,img_v2_3998.jpg
2527,img_v2_3999.jpg
2528,img_v2_4.jpg
2529,img_v2_40.jpg
2530,img_v2_400.jpg
2531,img_v2_4000.jpg
2532,img_v2_4001.jpg
2533,img_v2_4002.jpg
2534,img_v2_4003.jpg
2535,img_v2_4004.jpg
2536,img_v2_4006.jpg
2537,img_v2_4008.jpg
2538,img_v2_4009.jpg
2539,img_v2_401.jpg
2540,img_v2_4010.jpg
2541,img_v2_4012.jpg
2542,img_v2_4016.jpg
2543,img_v2_4018.jpg
2544,img_v2_4019.jpg
2545,img_v2_402.jpg
2546,img_v2_4020.jpg
2547,img_v2_4022.jpg
2548,img_v2_4023.jpg
2549,img_v2_4025.jpg
2550,img_v2_4026.jpg
2551,img_v2_4027.jpg
2552,img_v2_4028.jpg
2553,img_v2_4029.jpg
2554,img_v2_403.jpg
2555,img_v2_4030.jpg
2556,img_v2_4032.jpg
2557,img_v2_4033.jpg
2558,img_v2_4037.jpg
2559,img_v2_4038.jpg
2560,img_v2_4039.jpg
2561,img_v2_4040.jpg
2562,img_v2_4041.jpg
2563,img_v2_4042.jpg
2564,img_v2_4043.jpg
2565,img_v2_4044.jpg
2566,img_v2_4045.jpg
2567,img_v2_4046.jpg
2568,img_v2_4047.jpg
2569,img_v2_4048.jpg
2570,img_v2_4049.jpg
2571,img_v2_4051.jpg
2572,img_v2_4052.jpg
2573,img_v2_4053.jpg
2574,img_v2_4054.jpg
2575,img_v2_4055.jpg
2576,img_v2_4057.jpg
2577,img_v2_4058.jpg
2578,img_v2_4059.jpg
2579,img_v2_406.jpg
2580,img_v2_4062.jpg
2581,img_v2_4064.jpg
2582,img_v2_4066.jpg
2583,img_v2_4067.jpg
2584,img_v2_4070.jpg
2585,img_v2_4071.jpg
2586,img_v2_4072.jpg
2587,img_v2_4073.jpg
2588,img_v2_4075.jpg
2589,img_v2_4076.jpg
2590,img_v2_4077.jpg
2591,img_v2_4078.jpg
2592,img_v2_4079.jpg
2593,img_v2_408.jpg
2594,img_v2_4081.jpg
2595,img_v2_4082.jpg
2596,img_v2_4083.jpg
2597,img_v2_4085.jpg
2598,img_v2_4086.jpg
2599,img_v2_4088.jpg
2600,img_v2_409.jpg
2601,img_v2_4090.jpg
2602,img_v2_4091.jpg
2603,img_v2_4092.jpg
2604,img_v2_4093.jpg
2605,img_v2_4094.jpg
2606,img_v2_4096.jpg
2607,img_v2_4097.jpg
2608,img_v2_4098.jpg
2609,img_v2_4099.jpg
2610,img_v2_41.jpg
2611,img_v2_410.jpg
2612,img_v2_4101.jpg
2613,img_v2_4102.jpg
2614,img_v2_4103.jpg
2615,img_v2_4104.jpg
2616,img_v2_4105.jpg
2617,img_v2_4107.jpg
2618,img_v2_4108.jpg
2619,img_v2_411.jpg
2620,img_v2_4110.jpg
2621,img_v2_4111.jpg
2622,img_v2_4112.jpg
2623,img_v2_4113.jpg
2624,img_v2_4114.jpg
2625,img_v2_4115.jpg
2626,img_v2_4116.jpg
2627,img_v2_4117.jpg
2628,img_v2_4118.jpg
2629,img_v2_4119.jpg
2630,img_v2_412.jpg
2631,img_v2_4120.jpg
2632,img_v2_4121.jpg
2633,img_v2_4122.jpg
2634,img_v2_4123.jpg
2635,img_v2_4124.jpg
2636,img_v2_4126.jpg
2637,img_v2_4127.jpg
2638,img_v2_4128.jpg
2639,img_v2_4129.jpg
2640,img_v2_413.jpg
2641,img_v2_4133.jpg
2642,img_v2_4136.jpg
2643,img_v2_4137.jpg
2644,img_v2_4139.jpg
2645,img_v2_414.jpg
2646,img_v2_4140.jpg
2647,img_v2_4141.jpg
2648,img_v2_4142.jpg
2649,img_v2_4143.jpg
2650,img_v2_4145.jpg
2651,img_v2_4146.jpg
2652,img_v2_4148.jpg
2653,img_v2_4149.jpg
2654,img_v2_4150.jpg
2655,img_v2_4152.jpg
2656,img_v2_4153.jpg
2657,img_v2_4154.jpg
2658,img_v2_4155.jpg
2659,img_v2_4156.jpg
2660,img_v2_4157.jpg
2661,img_v2_4158.jpg
2662,img_v2_4159.jpg
2663,img_v2_416.jpg
2664,img_v2_4160.jpg
2665,img_v2_4161.jpg
2666,img_v2_4162.jpg
2667,img_v2_4163.jpg
2668,img_v2_4164.jpg
2669,img_v2_4166.jpg
2670,img_v2_4168.jpg
2671,img_v2_4169.jpg
2672,img_v2_4170.jpg
2673,img_v2_4171.jpg
2674,img_v2_4172.jpg
2675,img_v2_4173.jpg
2676,img_v2_4175.jpg
2677,img_v2_4176.jpg
2678,img_v2_4177.jpg
2679,img_v2_4178.jpg
2680,img_v2_4179.jpg
2681,img_v2_4180.jpg
2682,img_v2_4183.jpg
2683,img_v2_4185.jpg
2684,img_v2_4188.jpg
2685,img_v2_4189.jpg
2686,img_v2_419.jpg
2687,img_v2_4190.jpg
2688,img_v2_4191.jpg
2689,img_v2_4192.jpg
2690,img_v2_4193.jpg
2691,img_v2_4194.jpg
2692,img_v2_4195.jpg
2693,img_v2_4198.jpg
2694,img_v2_42.jpg
2695,img_v2_420.jpg
2696,img_v2_4200.jpg
2697,img_v2_4201.jpg
2698,img_v2_4202.jpg
2699,img_v2_4203.jpg
2700,img_v2_4205.jpg
2701,img_v2_4206.jpg
2702,img_v2_4207.jpg
2703,img_v2_4208.jpg
2704,img_v2_4209.jpg
2705,img_v2_421.jpg
2706,img_v2_4210.jpg
2707,img_v2_4211.jpg
2708,img_v2_4213.jpg
2709,img_v2_4215.jpg
2710,img_v2_4216.jpg
2711,img_v2_4217.jpg
2712,img_v2_4218.jpg
2713,img_v2_422.jpg
2714,img_v2_4223.jpg
2715,img_v2_4224.jpg
2716,img_v2_4225.jpg
2717,img_v2_4226.jpg
2718,img_v2_4227.jpg
2719,img_v2_4228.jpg
2720,img_v2_4229.jpg
2721,img_v2_423.jpg
2722,img_v2_4230.jpg
2723,img_v2_4231.jpg
2724,img_v2_4232.jpg
2725,img_v2_4234.jpg
2726,img_v2_4235.jpg
2727,img_v2_4236.jpg
2728,img_v2_4238.jpg
2729,img_v2_4239.jpg
2730,img_v2_424.jpg
2731,img_v2_4240.jpg
2732,img_v2_4242.jpg
2733,img_v2_4244.jpg
2734,img_v2_4245.jpg
2735,img_v2_4246.jpg
2736,img_v2_4247.jpg
2737,img_v2_4248.jpg
2738,img_v2_4249.jpg
2739,img_v2_425.jpg
2740,img_v2_4250.jpg
2741,img_v2_4253.jpg
2742,img_v2_4255.jpg
2743,img_v2_4257.jpg
2744,img_v2_4258.jpg
2745,img_v2_4259.jpg
2746,img_v2_426.jpg
2747,img_v2_4260.jpg
2748,img_v2_4261.jpg
2749,img_v2_4262.jpg
2750,img_v2_4263.jpg
2751,img_v2_4265.jpg
2752,img_v2_4266.jpg
2753,img_v2_4268.jpg
2754,img_v2_4269.jpg
2755,img_v2_427.jpg
2756,img_v2_4270.jpg
2757,img_v2_4271.jpg
2758,img_v2_4273.jpg
2759,img_v2_4275.jpg
2760,img_v2_4276.jpg
2761,img_v2_4277.jpg
2762,img_v2_4278.jpg
2763,img_v2_4279.jpg
2764,img_v2_428.jpg
2765,img_v2_4280.jpg
2766,img_v2_4282.jpg
2767,img_v2_4284.jpg
2768,img_v2_4286.jpg
2769,img_v2_4290.jpg
2770,img_v2_4291.jpg
2771,img_v2_4292.jpg
2772,img_v2_4293.jpg
2773,img_v2_4294.jpg
2774,img_v2_4295.jpg
2775,img_v2_4296.jpg
2776,img_v2_4297.jpg
2777,img_v2_4298.jpg
2778,img_v2_4299.jpg
2779,img_v2_430.jpg
2780,img_v2_4300.jpg
2781,img_v2_4301.jpg
2782,img_v2_4302.jpg
2783,img_v2_4303.jpg
2784,img_v2_4304.jpg
2785,img_v2_4305.jpg
2786,img_v2_4306.jpg
2787,img_v2_4307.jpg
2788,img_v2_4308.jpg
2789,img_v2_4309.jpg
2790,img_v2_431.jpg
2791,img_v2_4311.jpg
2792,img_v2_4312.jpg
2793,img_v2_4315.jpg
2794,img_v2_4316.jpg
2795,img_v2_4317.jpg
2796,img_v2_4318.jpg
2797,img_v2_4319.jpg
2798,img_v2_432.jpg
2799,img_v2_4320.jpg
2800,img_v2_4321.jpg
2801,img_v2_4322.jpg
2802,img_v2_4324.jpg
2803,img_v2_4326.jpg
2804,img_v2_4327.jpg
2805,img_v2_4328.jpg
2806,img_v2_433.jpg
2807,img_v2_4330.jpg
2808,img_v2_4331.jpg
2809,img_v2_4332.jpg
2810,img_v2_4333.jpg
2811,img_v2_4334.jpg
2812,img_v2_4335.jpg
2813,img_v2_4336.jpg
2814,img_v2_4337.jpg
2815,img_v2_4339.jpg
2816,img_v2_434.jpg
2817,img_v2_4340.jpg
2818,img_v2_4342.jpg
2819,img_v2_4343.jpg
2820,img_v2_4344.jpg
2821,img_v2_4345.jpg
2822,img_v2_4346.jpg
2823,img_v2_4347.jpg
2824,img_v2_4348.jpg
2825,img_v2_4352.jpg
2826,img_v2_4353.jpg
2827,img_v2_4354.jpg
2828,img_v2_4355.jpg
2829,img_v2_4356.jpg
2830,img_v2_4357.jpg
2831,img_v2_4358.jpg
2832,img_v2_4359.jpg
2833,img_v2_436.jpg
2834,img_v2_4360.jpg
2835,img_v2_4362.jpg
2836,img_v2_4363.jpg
2837,img_v2_4364.jpg
2838,img_v2_4366.jpg
2839,img_v2_4367.jpg
2840,img_v2_4368.jpg
2841,img_v2_4369.jpg
2842,img_v2_437.jpg
2843,img_v2_4371.jpg
2844,img_v2_4372.jpg
2845,img_v2_4373.jpg
2846,img_v2_4374.jpg
2847,img_v2_4375.jpg
2848,img_v2_4376.jpg
2849,img_v2_4378.jpg
2850,img_v2_438.jpg
2851,img_v2_4381.jpg
2852,img_v2_4385.jpg
2853,img_v2_4388.jpg
2854,img_v2_439.jpg
2855,img_v2_4390.jpg
2856,img_v2_4391.jpg
2857,img_v2_4392.jpg
2858,img_v2_4393.jpg
2859,img_v2_4394.jpg
2860,img_v2_4395.jpg
2861,img_v2_4396.jpg
2862,img_v2_4398.jpg
2863,img_v2_4399.jpg
2864,img_v2_44.jpg
2865,img_v2_4401.jpg
2866,img_v2_4402.jpg
2867,img_v2_4405.jpg
2868,img_v2_4407.jpg
2869,img_v2_441.jpg
2870,img_v2_4410.jpg
2871,img_v2_4411.jpg
2872,img_v2_4412.jpg
2873,img_v2_4413.jpg
2874,img_v2_4415.jpg
2875,img_v2_4416.jpg
2876,img_v2_4417.jpg
2877,img_v2_4418.jpg
2878,img_v2_4419.jpg
2879,img_v2_442.jpg
2880,img_v2_4420.jpg
2881,img_v2_4421.jpg
2882,img_v2_4424.jpg
2883,img_v2_4425.jpg
2884,img_v2_4426.jpg
2885,img_v2_4427.jpg
2886,img_v2_4428.jpg
2887,img_v2_4429.jpg
2888,img_v2_443.jpg
2889,img_v2_4430.jpg
2890,img_v2_4432.jpg
2891,img_v2_4433.jpg
2892,img_v2_4434.jpg
2893,img_v2_4435.jpg
2894,img_v2_4436.jpg
2895,img_v2_4437.jpg
2896,img_v2_4438.jpg
2897,img_v2_4440.jpg
2898,img_v2_4441.jpg
2899,img_v2_4442.jpg
2900,img_v2_4443.jpg
2901,img_v2_4444.jpg
2902,img_v2_4445.jpg
2903,img_v2_4446.jpg
2904,img_v2_4448.jpg
2905,img_v2_4449.jpg
2906,img_v2_445.jpg
2907,img_v2_4450.jpg
2908,img_v2_4452.jpg
2909,img_v2_4453.jpg
2910,img_v2_4454.jpg
2911,img_v2_4456.jpg
2912,img_v2_4457.jpg
2913,img_v2_4458.jpg
2914,img_v2_446.jpg
2915,img_v2_4460.jpg
2916,img_v2_4461.jpg
2917,img_v2_4462.jpg
2918,img_v2_4465.jpg
2919,img_v2_4466.jpg
2920,img_v2_4467.jpg
2921,img_v2_4468.jpg
2922,img_v2_4470.jpg
2923,img_v2_4471.jpg
2924,img_v2_4472.jpg
2925,img_v2_4473.jpg
2926,img_v2_4474.jpg
2927,img_v2_4475.jpg
2928,img_v2_4476.jpg
2929,img_v2_4477.jpg
2930,img_v2_4479.jpg
2931,img_v2_448.jpg
2932,img_v2_4480.jpg
2933,img_v2_4481.jpg
2934,img_v2_4482.jpg
2935,img_v2_4483.jpg
2936,img_v2_4484.jpg
2937,img_v2_4487.jpg
2938,img_v2_4488.jpg
2939,img_v2_4489.jpg
2940,img_v2_449.jpg
2941,img_v2_4491.jpg
2942,img_v2_4492.jpg
2943,img_v2_4493.jpg
2944,img_v2_4494.jpg
2945,img_v2_4495.jpg
2946,img_v2_4496.jpg
2947,img_v2_4497.jpg
2948,img_v2_4498.jpg
2949,img_v2_4499.jpg
2950,img_v2_45.jpg
2951,img_v2_450.jpg
2952,img_v2_4500.jpg
2953,img_v2_4501.jpg
2954,img_v2_4502.jpg
2955,img_v2_4503.jpg
2956,img_v2_4504.jpg
2957,img_v2_4505.jpg
2958,img_v2_4506.jpg
2959,img_v2_4507.jpg
2960,img_v2_4508.jpg
2961,img_v2_4509.jpg
2962,img_v2_451.jpg
2963,img_v2_4510.jpg
2964,img_v2_4511.jpg
2965,img_v2_4512.jpg
2966,img_v2_4513.jpg
2967,img_v2_4517.jpg
2968,img_v2_4518.jpg
2969,img_v2_4519.jpg
2970,img_v2_452.jpg
2971,img_v2_4520.jpg
2972,img_v2_4522.jpg
2973,img_v2_4523.jpg
2974,img_v2_4524.jpg
2975,img_v2_4525.jpg
2976,img_v2_4526.jpg
2977,img_v2_4529.jpg
2978,img_v2_453.jpg
2979,img_v2_4532.jpg
2980,img_v2_4534.jpg
2981,img_v2_4535.jpg
2982,img_v2_4536.jpg
2983,img_v2_4537.jpg
2984,img_v2_4539.jpg
2985,img_v2_454.jpg
2986,img_v2_4540.jpg
2987,img_v2_4542.jpg
2988,img_v2_4543.jpg
2989,img_v2_4545.jpg
2990,img_v2_4546.jpg
2991,img_v2_4547.jpg
2992,img_v2_4548.jpg
2993,img_v2_4549.jpg
2994,img_v2_455.jpg
2995,img_v2_4550.jpg
2996,img_v2_4552.jpg
2997,img_v2_4554.jpg
2998,img_v2_4556.jpg
2999,img_v2_4557.jpg
3000,img_v2_4559.jpg
3001,img_v2_456.jpg
3002,img_v2_4561.jpg
3003,img_v2_4562.jpg
3004,img_v2_4563.jpg
3005,img_v2_4564.jpg
3006,img_v2_4565.jpg
3007,img_v2_4566.jpg
3008,img_v2_4569.jpg
3009,img_v2_457.jpg
3010,img_v2_4570.jpg
3011,img_v2_4571.jpg
3012,img_v2_4572.jpg
3013,img_v2_4573.jpg
3014,img_v2_4575.jpg
3015,img_v2_4577.jpg
3016,img_v2_4578.jpg
3017,img_v2_4579.jpg
3018,img_v2_4581.jpg
3019,img_v2_4583.jpg
3020,img_v2_4584.jpg
3021,img_v2_4585.jpg
3022,img_v2_4587.jpg
3023,img_v2_4589.jpg
3024,img_v2_4590.jpg
3025,img_v2_4591.jpg
3026,img_v2_4592.jpg
3027,img_v2_4593.jpg
3028,img_v2_4594.jpg
3029,img_v2_4595.jpg
3030,img_v2_4596.jpg
3031,img_v2_4597.jpg
3032,img_v2_4599.jpg
3033,img_v2_46.jpg
3034,img_v2_4600.jpg
3035,img_v2_4603.jpg
3036,img_v2_4604.jpg
3037,img_v2_4605.jpg
3038,img_v2_4606.jpg
3039,img_v2_4607.jpg
3040,img_v2_4608.jpg
3041,img_v2_4609.jpg
3042,img_v2_461.jpg
3043,img_v2_4610.jpg
3044,img_v2_4612.jpg
3045,img_v2_4613.jpg
3046,img_v2_4614.jpg
3047,img_v2_4615.jpg
3048,img_v2_4616.jpg
3049,img_v2_4617.jpg
3050,img_v2_4619.jpg
3051,img_v2_462.jpg
3052,img_v2_4621.jpg
3053,img_v2_4622.jpg
3054,img_v2_4623.jpg
3055,img_v2_4624.jpg
3056,img_v2_4626.jpg
3057,img_v2_463.jpg
3058,img_v2_4630.jpg
3059,img_v2_4632.jpg
3060,img_v2_4633.jpg
3061,img_v2_4634.jpg
3062,img_v2_4635.jpg
3063,img_v2_4636.jpg
3064,img_v2_4637.jpg
3065,img_v2_4638.jpg
3066,img_v2_4639.jpg
3067,img_v2_464.jpg
3068,img_v2_4640.jpg
3069,img_v2_4641.jpg
3070,img_v2_4643.jpg
3071,img_v2_4645.jpg
3072,img_v2_4646.jpg
3073,img_v2_4648.jpg
3074,img_v2_465.jpg
3075,img_v2_4650.jpg
3076,img_v2_4651.jpg
3077,img_v2_4654.jpg
3078,img_v2_4656.jpg
3079,img_v2_4658.jpg
3080,img_v2_4659.jpg
3081,img_v2_4661.jpg
3082,img_v2_4662.jpg
3083,img_v2_4663.jpg
3084,img_v2_4664.jpg
3085,img_v2_4665.jpg
3086,img_v2_4666.jpg
3087,img_v2_4667.jpg
3088,img_v2_4668.jpg
3089,img_v2_4669.jpg
3090,img_v2_467.jpg
3091,img_v2_4670.jpg
3092,img_v2_4671.jpg
3093,img_v2_4672.jpg
3094,img_v2_4673.jpg
3095,img_v2_4677.jpg
3096,img_v2_4678.jpg
3097,img_v2_4679.jpg
3098,img_v2_468.jpg
3099,img_v2_4680.jpg
3100,img_v2_4681.jpg
3101,img_v2_4682.jpg
3102,img_v2_4683.jpg
3103,img_v2_4684.jpg
3104,img_v2_4686.jpg
3105,img_v2_4688.jpg
3106,img_v2_4689.jpg
3107,img_v2_469.jpg
3108,img_v2_4690.jpg
3109,img_v2_4691.jpg
3110,img_v2_4692.jpg
3111,img_v2_4693.jpg
3112,img_v2_4694.jpg
3113,img_v2_4696.jpg
3114,img_v2_4697.jpg
3115,img_v2_4698.jpg
3116,img_v2_4699.jpg
3117,img_v2_47.jpg
3118,img_v2_470.jpg
3119,img_v2_4700.jpg
3120,img_v2_4701.jpg
3121,img_v2_4703.jpg
3122,img_v2_4707.jpg
3123,img_v2_4708.jpg
3124,img_v2_4709.jpg
3125,img_v2_4710.jpg
3126,img_v2_4711.jpg
3127,img_v2_4712.jpg
3128,img_v2_4713.jpg
3129,img_v2_4714.jpg
3130,img_v2_4715.jpg
3131,img_v2_4717.jpg
3132,img_v2_472.jpg
3133,img_v2_4720.jpg
3134,img_v2_4721.jpg
3135,img_v2_4722.jpg
3136,img_v2_4725.jpg
3137,img_v2_4726.jpg
3138,img_v2_4727.jpg
3139,img_v2_4728.jpg
3140,img_v2_4729.jpg
3141,img_v2_473.jpg
3142,img_v2_4730.jpg
3143,img_v2_4731.jpg
3144,img_v2_4735.jpg
3145,img_v2_4738.jpg
3146,img_v2_4739.jpg
3147,img_v2_474.jpg
3148,img_v2_4740.jpg
3149,img_v2_4741.jpg
3150,img_v2_4742.jpg
3151,img_v2_4743.jpg
3152,img_v2_4744.jpg
3153,img_v2_4745.jpg
3154,img_v2_4746.jpg
3155,img_v2_4747.jpg
3156,img_v2_4748.jpg
3157,img_v2_4749.jpg
3158,img_v2_475.jpg
3159,img_v2_4750.jpg
3160,img_v2_4752.jpg
3161,img_v2_4753.jpg
3162,img_v2_4755.jpg
3163,img_v2_4757.jpg
3164,img_v2_4758.jpg
3165,img_v2_4759.jpg
3166,img_v2_476.jpg
3167,img_v2_4761.jpg
3168,img_v2_4763.jpg
3169,img_v2_4765.jpg
3170,img_v2_4766.jpg
3171,img_v2_4767.jpg
3172,img_v2_4768.jpg
3173,img_v2_477.jpg
3174,img_v2_4770.jpg
3175,img_v2_4771.jpg
3176,img_v2_4772.jpg
3177,img_v2_4775.jpg
3178,img_v2_4776.jpg
3179,img_v2_4777.jpg
3180,img_v2_4778.jpg
3181,img_v2_4779.jpg
3182,img_v2_478.jpg
3183,img_v2_4780.jpg
3184,img_v2_4785.jpg
3185,img_v2_4786.jpg
3186,img_v2_4787.jpg
3187,img_v2_4789.jpg
3188,img_v2_479.jpg
3189,img_v2_4790.jpg
3190,img_v2_4791.jpg
3191,img_v2_4792.jpg
3192,img_v2_4793.jpg
3193,img_v2_4794.jpg
3194,img_v2_4795.jpg
3195,img_v2_4796.jpg
3196,img_v2_4797.jpg
3197,img_v2_4798.jpg
3198,img_v2_4799.jpg
3199,img_v2_4801.jpg
3200,img_v2_4802.jpg
3201,img_v2_4803.jpg
3202,img_v2_4804.jpg
3203,img_v2_4805.jpg
3204,img_v2_4807.jpg
3205,img_v2_4808.jpg
3206,img_v2_4809.jpg
3207,img_v2_4811.jpg
3208,img_v2_4812.jpg
3209,img_v2_4814.jpg
3210,img_v2_4816.jpg
3211,img_v2_4817.jpg
3212,img_v2_4818.jpg
3213,img_v2_482.jpg
3214,img_v2_4821.jpg
3215,img_v2_4822.jpg
3216,img_v2_4824.jpg
3217,img_v2_4825.jpg
3218,img_v2_4826.jpg
3219,img_v2_4827.jpg
3220,img_v2_4828.jpg
3221,img_v2_4829.jpg
3222,img_v2_483.jpg
3223,img_v2_4830.jpg
3224,img_v2_4831.jpg
3225,img_v2_4832.jpg
3226,img_v2_4833.jpg
3227,img_v2_4835.jpg
3228,img_v2_4836.jpg
3229,img_v2_4837.jpg
3230,img_v2_4839.jpg
3231,img_v2_484.jpg
3232,img_v2_4840.jpg
3233,img_v2_4842.jpg
3234,img_v2_4844.jpg
3235,img_v2_4846.jpg
3236,img_v2_4847.jpg
3237,img_v2_4848.jpg
3238,img_v2_4849.jpg
3239,img_v2_4851.jpg
3240,img_v2_4853.jpg
3241,img_v2_4854.jpg
3242,img_v2_4856.jpg
3243,img_v2_486.jpg
3244,img_v2_4860.jpg
3245,img_v2_4861.jpg
3246,img_v2_4862.jpg
3247,img_v2_4863.jpg
3248,img_v2_4865.jpg
3249,img_v2_4867.jpg
3250,img_v2_4868.jpg
3251,img_v2_487.jpg
3252,img_v2_4870.jpg
3253,img_v2_4871.jpg
3254,img_v2_4873.jpg
3255,img_v2_4874.jpg
3256,img_v2_4875.jpg
3257,img_v2_4876.jpg
3258,img_v2_4878.jpg
3259,img_v2_4880.jpg
3260,img_v2_4881.jpg
3261,img_v2_4882.jpg
3262,img_v2_4884.jpg
3263,img_v2_4885.jpg
3264,img_v2_4888.jpg
3265,img_v2_4889.jpg
3266,img_v2_489.jpg
3267,img_v2_4890.jpg
3268,img_v2_4891.jpg
3269,img_v2_4892.jpg
3270,img_v2_4893.jpg
3271,img_v2_4894.jpg
3272,img_v2_4896.jpg
3273,img_v2_4898.jpg
3274,img_v2_4899.jpg
3275,img_v2_49.jpg
3276,img_v2_490.jpg
3277,img_v2_4900.jpg
3278,img_v2_4901.jpg
3279,img_v2_4904.jpg
3280,img_v2_4906.jpg
3281,img_v2_4907.jpg
3282,img_v2_4908.jpg
3283,img_v2_4909.jpg
3284,img_v2_491.jpg
3285,img_v2_4910.jpg
3286,img_v2_4912.jpg
3287,img_v2_4913.jpg
3288,img_v2_4914.jpg
3289,img_v2_4916.jpg
3290,img_v2_4917.jpg
3291,img_v2_4918.jpg
3292,img_v2_4919.jpg
3293,img_v2_492.jpg
3294,img_v2_4920.jpg
3295,img_v2_4921.jpg
3296,img_v2_4923.jpg
3297,img_v2_4924.jpg
3298,img_v2_4925.jpg
3299,img_v2_4926.jpg
3300,img_v2_4928.jpg
3301,img_v2_4929.jpg
3302,img_v2_4931.jpg
3303,img_v2_4932.jpg
3304,img_v2_4933.jpg
3305,img_v2_4934.jpg
3306,img_v2_4935.jpg
3307,img_v2_4936.jpg
3308,img_v2_4937.jpg
3309,img_v2_4938.jpg
3310,img_v2_494.jpg
3311,img_v2_4941.jpg
3312,img_v2_4943.jpg
3313,img_v2_4944.jpg
3314,img_v2_4945.jpg
3315,img_v2_4947.jpg
3316,img_v2_4948.jpg
3317,img_v2_4949.jpg
3318,img_v2_4950.jpg
3319,img_v2_4951.jpg
3320,img_v2_4952.jpg
3321,img_v2_4953.jpg
3322,img_v2_4957.jpg
3323,img_v2_4959.jpg
3324,img_v2_496.jpg
3325,img_v2_4960.jpg
3326,img_v2_4961.jpg
3327,img_v2_4962.jpg
3328,img_v2_4963.jpg
3329,img_v2_4964.jpg
3330,img_v2_4965.jpg
3331,img_v2_4966.jpg
3332,img_v2_4967.jpg
3333,img_v2_4968.jpg
3334,img_v2_4969.jpg
3335,img_v2_497.jpg
3336,img_v2_4974.jpg
3337,img_v2_4975.jpg
3338,img_v2_4976.jpg
3339,img_v2_4977.jpg
3340,img_v2_4978.jpg
3341,img_v2_4979.jpg
3342,img_v2_498.jpg
3343,img_v2_4980.jpg
3344,img_v2_4981.jpg
3345,img_v2_4982.jpg
3346,img_v2_4984.jpg
3347,img_v2_4986.jpg
3348,img_v2_4989.jpg
3349,img_v2_4990.jpg
3350,img_v2_4991.jpg
3351,img_v2_4992.jpg
3352,img_v2_4993.jpg
3353,img_v2_4994.jpg
3354,img_v2_4996.jpg
3355,img_v2_4997.jpg
3356,img_v2_4998.jpg
3357,img_v2_5.jpg
3358,img_v2_50.jpg
3359,img_v2_500.jpg
3360,img_v2_5003.jpg
3361,img_v2_5004.jpg
3362,img_v2_5005.jpg
3363,img_v2_5006.jpg
3364,img_v2_5007.jpg
3365,img_v2_5008.jpg
3366,img_v2_5009.jpg
3367,img_v2_5010.jpg
3368,img_v2_5011.jpg
3369,img_v2_5012.jpg
3370,img_v2_5013.jpg
3371,img_v2_5014.jpg
3372,img_v2_5016.jpg
3373,img_v2_5018.jpg
3374,img_v2_5019.jpg
3375,img_v2_502.jpg
3376,img_v2_5020.jpg
3377,img_v2_5021.jpg
3378,img_v2_5022.jpg
3379,img_v2_5025.jpg
3380,img_v2_5026.jpg
3381,img_v2_5028.jpg
3382,img_v2_5029.jpg
3383,img_v2_503.jpg
3384,img_v2_5030.jpg
3385,img_v2_5034.jpg
3386,img_v2_5035.jpg
3387,img_v2_5036.jpg
3388,img_v2_5038.jpg
3389,img_v2_5039.jpg
3390,img_v2_5040.jpg
3391,img_v2_5041.jpg
3392,img_v2_5043.jpg
3393,img_v2_5045.jpg
3394,img_v2_5046.jpg
3395,img_v2_5048.jpg
3396,img_v2_5049.jpg
3397,img_v2_5050.jpg
3398,img_v2_5051.jpg
3399,img_v2_5052.jpg
3400,img_v2_5053.jpg
3401,img_v2_5055.jpg
3402,img_v2_5056.jpg
3403,img_v2_5057.jpg
3404,img_v2_5059.jpg
3405,img_v2_5060.jpg
3406,img_v2_5061.jpg
3407,img_v2_5062.jpg
3408,img_v2_5063.jpg
3409,img_v2_5064.jpg
3410,img_v2_5065.jpg
3411,img_v2_5066.jpg
3412,img_v2_5067.jpg
3413,img_v2_5068.jpg
3414,img_v2_5069.jpg
3415,img_v2_5070.jpg
3416,img_v2_5071.jpg
3417,img_v2_5072.jpg
3418,img_v2_5073.jpg
3419,img_v2_5075.jpg
3420,img_v2_5077.jpg
3421,img_v2_5078.jpg
3422,img_v2_508.jpg
3423,img_v2_5080.jpg
3424,img_v2_5082.jpg
3425,img_v2_5084.jpg
3426,img_v2_5086.jpg
3427,img_v2_5087.jpg
3428,img_v2_5088.jpg
3429,img_v2_509.jpg
3430,img_v2_5090.jpg
3431,img_v2_5091.jpg
3432,img_v2_5094.jpg
3433,img_v2_5097.jpg
3434,img_v2_5098.jpg
3435,img_v2_5099.jpg
3436,img_v2_5100.jpg
3437,img_v2_5102.jpg
3438,img_v2_5103.jpg
3439,img_v2_5104.jpg
3440,img_v2_5106.jpg
3441,img_v2_5107.jpg
3442,img_v2_5108.jpg
3443,img_v2_5109.jpg
3444,img_v2_511.jpg
3445,img_v2_5110.jpg
3446,img_v2_5111.jpg
3447,img_v2_5115.jpg
3448,img_v2_5116.jpg
3449,img_v2_5117.jpg
3450,img_v2_5119.jpg
3451,img_v2_512.jpg
3452,img_v2_5120.jpg
3453,img_v2_5122.jpg
3454,img_v2_5123.jpg
3455,img_v2_5124.jpg
3456,img_v2_5126.jpg
3457,img_v2_5128.jpg
3458,img_v2_5129.jpg
3459,img_v2_513.jpg
3460,img_v2_5130.jpg
3461,img_v2_5132.jpg
3462,img_v2_5133.jpg
3463,img_v2_5134.jpg
3464,img_v2_5135.jpg
3465,img_v2_5137.jpg
3466,img_v2_5139.jpg
3467,img_v2_5140.jpg
3468,img_v2_5141.jpg
3469,img_v2_5142.jpg
3470,img_v2_5143.jpg
3471,img_v2_5145.jpg
3472,img_v2_5146.jpg
3473,img_v2_5148.jpg
3474,img_v2_5149.jpg
3475,img_v2_515.jpg
3476,img_v2_5150.jpg
3477,img_v2_5151.jpg
3478,img_v2_5153.jpg
3479,img_v2_5154.jpg
3480,img_v2_5157.jpg
3481,img_v2_5159.jpg
3482,img_v2_516.jpg
3483,img_v2_5160.jpg
3484,img_v2_5161.jpg
3485,img_v2_5162.jpg
3486,img_v2_5163.jpg
3487,img_v2_5165.jpg
3488,img_v2_5166.jpg
3489,img_v2_5167.jpg
3490,img_v2_5168.jpg
3491,img_v2_5169.jpg
3492,img_v2_517.jpg
3493,img_v2_5170.jpg
3494,img_v2_5171.jpg
3495,img_v2_5172.jpg
3496,img_v2_5176.jpg
3497,img_v2_5177.jpg
3498,img_v2_5179.jpg
3499,img_v2_518.jpg
3500,img_v2_5181.jpg
3501,img_v2_5182.jpg
3502,img_v2_5184.jpg
3503,img_v2_5185.jpg
3504,img_v2_5186.jpg
3505,img_v2_5187.jpg
3506,img_v2_5189.jpg
3507,img_v2_519.jpg
3508,img_v2_5190.jpg
3509,img_v2_5191.jpg
3510,img_v2_5192.jpg
3511,img_v2_5193.jpg
3512,img_v2_5194.jpg
3513,img_v2_5195.jpg
3514,img_v2_5197.jpg
3515,img_v2_5198.jpg
3516,img_v2_52.jpg
3517,img_v2_520.jpg
3518,img_v2_5200.jpg
3519,img_v2_5201.jpg
3520,img_v2_5203.jpg
3521,img_v2_5204.jpg
3522,img_v2_5205.jpg
3523,img_v2_5206.jpg
3524,img_v2_5207.jpg
3525,img_v2_5208.jpg
3526,img_v2_5209.jpg
3527,img_v2_521.jpg
3528,img_v2_5210.jpg
3529,img_v2_5211.jpg
3530,img_v2_5212.jpg
3531,img_v2_5213.jpg
3532,img_v2_5214.jpg
3533,img_v2_5215.jpg
3534,img_v2_5217.jpg
3535,img_v2_5218.jpg
3536,img_v2_5219.jpg
3537,img_v2_522.jpg
3538,img_v2_5220.jpg
3539,img_v2_5221.jpg
3540,img_v2_5222.jpg
3541,img_v2_5223.jpg
3542,img_v2_5224.jpg
3543,img_v2_5227.jpg
3544,img_v2_5228.jpg
3545,img_v2_5229.jpg
3546,img_v2_523.jpg
3547,img_v2_5230.jpg
3548,img_v2_5231.jpg
3549,img_v2_5232.jpg
3550,img_v2_5233.jpg
3551,img_v2_5234.jpg
3552,img_v2_5236.jpg
3553,img_v2_5237.jpg
3554,img_v2_5238.jpg
3555,img_v2_5239.jpg
3556,img_v2_524.jpg
3557,img_v2_5240.jpg
3558,img_v2_5242.jpg
3559,img_v2_5243.jpg
3560,img_v2_5244.jpg
3561,img_v2_5245.jpg
3562,img_v2_5246.jpg
3563,img_v2_5247.jpg
3564,img_v2_5248.jpg
3565,img_v2_5249.jpg
3566,img_v2_525.jpg
3567,img_v2_5252.jpg
3568,img_v2_5254.jpg
3569,img_v2_5255.jpg
3570,img_v2_5256.jpg
3571,img_v2_5257.jpg
3572,img_v2_5258.jpg
3573,img_v2_526.jpg
3574,img_v2_5260.jpg
3575,img_v2_5261.jpg
3576,img_v2_5263.jpg
3577,img_v2_5265.jpg
3578,img_v2_5269.jpg
3579,img_v2_527.jpg
3580,img_v2_5270.jpg
3581,img_v2_5271.jpg
3582,img_v2_5272.jpg
3583,img_v2_5274.jpg
3584,img_v2_5275.jpg
3585,img_v2_5276.jpg
3586,img_v2_5277.jpg
3587,img_v2_5278.jpg
3588,img_v2_528.jpg
3589,img_v2_5281.jpg
3590,img_v2_5282.jpg
3591,img_v2_5283.jpg
3592,img_v2_5285.jpg
3593,img_v2_5288.jpg
3594,img_v2_5289.jpg
3595,img_v2_529.jpg
3596,img_v2_5290.jpg
3597,img_v2_5292.jpg
3598,img_v2_5293.jpg
3599,img_v2_5295.jpg
3600,img_v2_5297.jpg
3601,img_v2_5298.jpg
3602,img_v2_5299.jpg
3603,img_v2_53.jpg
3604,img_v2_530.jpg
3605,img_v2_5301.jpg
3606,img_v2_5302.jpg
3607,img_v2_5303.jpg
3608,img_v2_5304.jpg
3609,img_v2_5305.jpg
3610,img_v2_5306.jpg
3611,img_v2_5307.jpg
3612,img_v2_5308.jpg
3613,img_v2_5309.jpg
3614,img_v2_531.jpg
3615,img_v2_5310.jpg
3616,img_v2_5313.jpg
3617,img_v2_5314.jpg
3618,img_v2_5315.jpg
3619,img_v2_5317.jpg
3620,img_v2_5318.jpg
3621,img_v2_5319.jpg
3622,img_v2_5320.jpg
3623,img_v2_5321.jpg
3624,img_v2_5322.jpg
3625,img_v2_5323.jpg
3626,img_v2_5324.jpg
3627,img_v2_5325.jpg
3628,img_v2_5326.jpg
3629,img_v2_5328.jpg
3630,img_v2_5329.jpg
3631,img_v2_533.jpg
3632,img_v2_5333.jpg
3633,img_v2_5334.jpg
3634,img_v2_5335.jpg
3635,img_v2_5336.jpg
3636,img_v2_5337.jpg
3637,img_v2_5338.jpg
3638,img_v2_5339.jpg
3639,img_v2_5340.jpg
3640,img_v2_5341.jpg
3641,img_v2_5343.jpg
3642,img_v2_5345.jpg
3643,img_v2_5346.jpg
3644,img_v2_5348.jpg
3645,img_v2_5349.jpg
3646,img_v2_535.jpg
3647,img_v2_5351.jpg
3648,img_v2_5352.jpg
3649,img_v2_5353.jpg
3650,img_v2_5356.jpg
3651,img_v2_5357.jpg
3652,img_v2_5358.jpg
3653,img_v2_536.jpg
3654,img_v2_5361.jpg
3655,img_v2_5363.jpg
3656,img_v2_5364.jpg
3657,img_v2_5365.jpg
3658,img_v2_5367.jpg
3659,img_v2_5368.jpg
3660,img_v2_5369.jpg
3661,img_v2_537.jpg
3662,img_v2_5372.jpg
3663,img_v2_5373.jpg
3664,img_v2_5374.jpg
3665,img_v2_5375.jpg
3666,img_v2_5376.jpg
3667,img_v2_5377.jpg
3668,img_v2_5378.jpg
3669,img_v2_5379.jpg
3670,img_v2_538.jpg
3671,img_v2_5380.jpg
3672,img_v2_5381.jpg
3673,img_v2_5382.jpg
3674,img_v2_5383.jpg
3675,img_v2_5384.jpg
3676,img_v2_5386.jpg
3677,img_v2_5388.jpg
3678,img_v2_539.jpg
3679,img_v2_5391.jpg
3680,img_v2_5393.jpg
3681,img_v2_5394.jpg
3682,img_v2_5395.jpg
3683,img_v2_5396.jpg
3684,img_v2_5397.jpg
3685,img_v2_5399.jpg
3686,img_v2_54.jpg
3687,img_v2_540.jpg
3688,img_v2_5401.jpg
3689,img_v2_5402.jpg
3690,img_v2_5403.jpg
3691,img_v2_5404.jpg
3692,img_v2_5405.jpg
3693,img_v2_5406.jpg
3694,img_v2_5407.jpg
3695,img_v2_5409.jpg
3696,img_v2_5410.jpg
3697,img_v2_5411.jpg
3698,img_v2_5413.jpg
3699,img_v2_5414.jpg
3700,img_v2_5415.jpg
3701,img_v2_5416.jpg
3702,img_v2_5417.jpg
3703,img_v2_5418.jpg
3704,img_v2_5419.jpg
3705,img_v2_542.jpg
3706,img_v2_5420.jpg
3707,img_v2_5421.jpg
3708,img_v2_5422.jpg
3709,img_v2_5423.jpg
3710,img_v2_5426.jpg
3711,img_v2_5427.jpg
3712,img_v2_5428.jpg
3713,img_v2_5429.jpg
3714,img_v2_543.jpg
3715,img_v2_5430.jpg
3716,img_v2_5431.jpg
3717,img_v2_5432.jpg
3718,img_v2_5433.jpg
3719,img_v2_5435.jpg
3720,img_v2_5436.jpg
3721,img_v2_5437.jpg
3722,img_v2_5438.jpg
3723,img_v2_5439.jpg
3724,img_v2_544.jpg
3725,img_v2_5440.jpg
3726,img_v2_5444.jpg
3727,img_v2_5445.jpg
3728,img_v2_5446.jpg
3729,img_v2_5447.jpg
3730,img_v2_5450.jpg
3731,img_v2_5451.jpg
3732,img_v2_5453.jpg
3733,img_v2_5454.jpg
3734,img_v2_5455.jpg
3735,img_v2_5457.jpg
3736,img_v2_5458.jpg
3737,img_v2_5459.jpg
3738,img_v2_5460.jpg
3739,img_v2_5461.jpg
3740,img_v2_5462.jpg
3741,img_v2_5463.jpg
3742,img_v2_5464.jpg
3743,img_v2_5465.jpg
3744,img_v2_5468.jpg
3745,img_v2_5469.jpg
3746,img_v2_547.jpg
3747,img_v2_5470.jpg
3748,img_v2_5471.jpg
3749,img_v2_5472.jpg
3750,img_v2_5473.jpg
3751,img_v2_5474.jpg
3752,img_v2_5475.jpg
3753,img_v2_5476.jpg
3754,img_v2_5477.jpg
3755,img_v2_5478.jpg
3756,img_v2_5479.jpg
3757,img_v2_548.jpg
3758,img_v2_5480.jpg
3759,img_v2_5481.jpg
3760,img_v2_5482.jpg
3761,img_v2_5483.jpg
3762,img_v2_5485.jpg
3763,img_v2_5487.jpg
3764,img_v2_5488.jpg
3765,img_v2_5489.jpg
3766,img_v2_5490.jpg
3767,img_v2_5491.jpg
3768,img_v2_5492.jpg
3769,img_v2_5493.jpg
3770,img_v2_5494.jpg
3771,img_v2_5495.jpg
3772,img_v2_5496.jpg
3773,img_v2_5497.jpg
3774,img_v2_5498.jpg
3775,img_v2_5499.jpg
3776,img_v2_55.jpg
3777,img_v2_5500.jpg
3778,img_v2_5501.jpg
3779,img_v2_5503.jpg
3780,img_v2_5504.jpg
3781,img_v2_5505.jpg
3782,img_v2_5506.jpg
3783,img_v2_5507.jpg
3784,img_v2_5508.jpg
3785,img_v2_5509.jpg
3786,img_v2_551.jpg
3787,img_v2_5510.jpg
3788,img_v2_5512.jpg
3789,img_v2_5513.jpg
3790,img_v2_5514.jpg
3791,img_v2_5516.jpg
3792,img_v2_5518.jpg
3793,img_v2_5520.jpg
3794,img_v2_5521.jpg
3795,img_v2_5523.jpg
3796,img_v2_5524.jpg
3797,img_v2_5525.jpg
3798,img_v2_5526.jpg
3799,img_v2_5527.jpg
3800,img_v2_5528.jpg
3801,img_v2_5529.jpg
3802,img_v2_553.jpg
3803,img_v2_5530.jpg
3804,img_v2_5531.jpg
3805,img_v2_5532.jpg
3806,img_v2_5533.jpg
3807,img_v2_5534.jpg
3808,img_v2_5535.jpg
3809,img_v2_5536.jpg
3810,img_v2_5538.jpg
3811,img_v2_5539.jpg
3812,img_v2_554.jpg
3813,img_v2_5540.jpg
3814,img_v2_5541.jpg
3815,img_v2_5542.jpg
3816,img_v2_5543.jpg
3817,img_v2_5544.jpg
3818,img_v2_5545.jpg
3819,img_v2_5547.jpg
3820,img_v2_5548.jpg
3821,img_v2_5549.jpg
3822,img_v2_555.jpg
3823,img_v2_5550.jpg
3824,img_v2_5551.jpg
3825,img_v2_5553.jpg
3826,img_v2_5554.jpg
3827,img_v2_5555.jpg
3828,img_v2_5556.jpg
3829,img_v2_5558.jpg
3830,img_v2_5559.jpg
3831,img_v2_5560.jpg
3832,img_v2_5562.jpg
3833,img_v2_5563.jpg
3834,img_v2_5564.jpg
3835,img_v2_5565.jpg
3836,img_v2_5567.jpg
3837,img_v2_5568.jpg
3838,img_v2_5569.jpg
3839,img_v2_557.jpg
3840,img_v2_5570.jpg
3841,img_v2_5571.jpg
3842,img_v2_5577.jpg
3843,img_v2_5578.jpg
3844,img_v2_5579.jpg
3845,img_v2_558.jpg
3846,img_v2_5580.jpg
3847,img_v2_5581.jpg
3848,img_v2_5582.jpg
3849,img_v2_5583.jpg
3850,img_v2_5584.jpg
3851,img_v2_5586.jpg
3852,img_v2_5587.jpg
3853,img_v2_5588.jpg
3854,img_v2_559.jpg
3855,img_v2_5590.jpg
3856,img_v2_5591.jpg
3857,img_v2_5592.jpg
3858,img_v2_5593.jpg
3859,img_v2_5596.jpg
3860,img_v2_5597.jpg
3861,img_v2_5598.jpg
3862,img_v2_5600.jpg
3863,img_v2_5602.jpg
3864,img_v2_5603.jpg
3865,img_v2_5604.jpg
3866,img_v2_5605.jpg
3867,img_v2_5606.jpg
3868,img_v2_5607.jpg
3869,img_v2_5608.jpg
3870,img_v2_5609.jpg
3871,img_v2_561.jpg
3872,img_v2_5610.jpg
3873,img_v2_5613.jpg
3874,img_v2_5615.jpg
3875,img_v2_5616.jpg
3876,img_v2_5617.jpg
3877,img_v2_5618.jpg
3878,img_v2_562.jpg
3879,img_v2_5620.jpg
3880,img_v2_5623.jpg
3881,img_v2_5624.jpg
3882,img_v2_5625.jpg
3883,img_v2_5627.jpg
3884,img_v2_5628.jpg
3885,img_v2_5629.jpg
3886,img_v2_563.jpg
3887,img_v2_5631.jpg
3888,img_v2_5633.jpg
3889,img_v2_5634.jpg
3890,img_v2_5635.jpg
3891,img_v2_5637.jpg
3892,img_v2_5639.jpg
3893,img_v2_564.jpg
3894,img_v2_5640.jpg
3895,img_v2_5641.jpg
3896,img_v2_5642.jpg
3897,img_v2_5643.jpg
3898,img_v2_5645.jpg
3899,img_v2_5647.jpg
3900,img_v2_5648.jpg
3901,img_v2_5649.jpg
3902,img_v2_565.jpg
3903,img_v2_5650.jpg
3904,img_v2_5652.jpg
3905,img_v2_5654.jpg
3906,img_v2_5656.jpg
3907,img_v2_5658.jpg
3908,img_v2_566.jpg
3909,img_v2_5660.jpg
3910,img_v2_5662.jpg
3911,img_v2_5663.jpg
3912,img_v2_5664.jpg
3913,img_v2_5665.jpg
3914,img_v2_5669.jpg
3915,img_v2_567.jpg
3916,img_v2_5670.jpg
3917,img_v2_5671.jpg
3918,img_v2_5674.jpg
3919,img_v2_5675.jpg
3920,img_v2_5676.jpg
3921,img_v2_5677.jpg
3922,img_v2_568.jpg
3923,img_v2_5680.jpg
3924,img_v2_5681.jpg
3925,img_v2_5682.jpg
3926,img_v2_5683.jpg
3927,img_v2_5684.jpg
3928,img_v2_5686.jpg
3929,img_v2_5687.jpg
3930,img_v2_5688.jpg
3931,img_v2_5689.jpg
3932,img_v2_569.jpg
3933,img_v2_5690.jpg
3934,img_v2_5691.jpg
3935,img_v2_5692.jpg
3936,img_v2_5693.jpg
3937,img_v2_5694.jpg
3938,img_v2_5695.jpg
3939,img_v2_5696.jpg
3940,img_v2_5697.jpg
3941,img_v2_5698.jpg
3942,img_v2_57.jpg
3943,img_v2_570.jpg
3944,img_v2_5700.jpg
3945,img_v2_5701.jpg
3946,img_v2_5702.jpg
3947,img_v2_5705.jpg
3948,img_v2_5707.jpg
3949,img_v2_5709.jpg
3950,img_v2_571.jpg
3951,img_v2_5710.jpg
3952,img_v2_5712.jpg
3953,img_v2_5713.jpg
3954,img_v2_5714.jpg
3955,img_v2_5715.jpg
3956,img_v2_5716.jpg
3957,img_v2_5717.jpg
3958,img_v2_5718.jpg
3959,img_v2_572.jpg
3960,img_v2_5721.jpg
3961,img_v2_5723.jpg
3962,img_v2_5724.jpg
3963,img_v2_5725.jpg
3964,img_v2_5726.jpg
3965,img_v2_5727.jpg
3966,img_v2_5728.jpg
3967,img_v2_573.jpg
3968,img_v2_5730.jpg
3969,img_v2_5731.jpg
3970,img_v2_5732.jpg
3971,img_v2_5733.jpg
3972,img_v2_5735.jpg
3973,img_v2_5737.jpg
3974,img_v2_5738.jpg
3975,img_v2_5739.jpg
3976,img_v2_574.jpg
3977,img_v2_5740.jpg
3978,img_v2_5741.jpg
3979,img_v2_5743.jpg
3980,img_v2_5744.jpg
3981,img_v2_5745.jpg
3982,img_v2_5746.jpg
3983,img_v2_5749.jpg
3984,img_v2_575.jpg
3985,img_v2_5750.jpg
3986,img_v2_5752.jpg
3987,img_v2_5754.jpg
3988,img_v2_5755.jpg
3989,img_v2_5756.jpg
3990,img_v2_5757.jpg
3991,img_v2_5758.jpg
3992,img_v2_5759.jpg
3993,img_v2_576.jpg
3994,img_v2_5760.jpg
3995,img_v2_5761.jpg
3996,img_v2_5762.jpg
3997,img_v2_5763.jpg
3998,img_v2_5764.jpg
3999,img_v2_5765.jpg
4000,img_v2_5766.jpg
4001,img_v2_5768.jpg
4002,img_v2_577.jpg
4003,img_v2_5771.jpg
4004,img_v2_5772.jpg
4005,img_v2_5773.jpg
4006,img_v2_5775.jpg
4007,img_v2_5778.jpg
4008,img_v2_5779.jpg
4009,img_v2_578.jpg
4010,img_v2_5780.jpg
4011,img_v2_5781.jpg
4012,img_v2_5782.jpg
4013,img_v2_5784.jpg
4014,img_v2_5785.jpg
4015,img_v2_5787.jpg
4016,img_v2_5788.jpg
4017,img_v2_5790.jpg
4018,img_v2_5792.jpg
4019,img_v2_5793.jpg
4020,img_v2_5794.jpg
4021,img_v2_5795.jpg
4022,img_v2_5796.jpg
4023,img_v2_5797.jpg
4024,img_v2_5798.jpg
4025,img_v2_5799.jpg
4026,img_v2_58.jpg
4027,img_v2_580.jpg
4028,img_v2_5802.jpg
4029,img_v2_5803.jpg
4030,img_v2_5805.jpg
4031,img_v2_5807.jpg
4032,img_v2_5808.jpg
4033,img_v2_5809.jpg
4034,img_v2_581.jpg
4035,img_v2_5810.jpg
4036,img_v2_5811.jpg
4037,img_v2_5812.jpg
4038,img_v2_5813.jpg
4039,img_v2_5814.jpg
4040,img_v2_5816.jpg
4041,img_v2_5818.jpg
4042,img_v2_582.jpg
4043,img_v2_5821.jpg
4044,img_v2_5823.jpg
4045,img_v2_5824.jpg
4046,img_v2_5827.jpg
4047,img_v2_5828.jpg
4048,img_v2_5829.jpg
4049,img_v2_5830.jpg
4050,img_v2_5831.jpg
4051,img_v2_5832.jpg
4052,img_v2_5834.jpg
4053,img_v2_5835.jpg
4054,img_v2_5836.jpg
4055,img_v2_5837.jpg
4056,img_v2_5838.jpg
4057,img_v2_5839.jpg
4058,img_v2_584.jpg
4059,img_v2_5841.jpg
4060,img_v2_5842.jpg
4061,img_v2_5843.jpg
4062,img_v2_5846.jpg
4063,img_v2_5847.jpg
4064,img_v2_5848.jpg
4065,img_v2_5849.jpg
4066,img_v2_5850.jpg
4067,img_v2_5851.jpg
4068,img_v2_5853.jpg
4069,img_v2_5854.jpg
4070,img_v2_5856.jpg
4071,img_v2_5857.jpg
4072,img_v2_5858.jpg
4073,img_v2_5859.jpg
4074,img_v2_586.jpg
4075,img_v2_5860.jpg
4076,img_v2_5861.jpg
4077,img_v2_5863.jpg
4078,img_v2_5864.jpg
4079,img_v2_5866.jpg
4080,img_v2_5867.jpg
4081,img_v2_5868.jpg
4082,img_v2_5869.jpg
4083,img_v2_587.jpg
4084,img_v2_5870.jpg
4085,img_v2_5871.jpg
4086,img_v2_5873.jpg
4087,img_v2_5874.jpg
4088,img_v2_5875.jpg
4089,img_v2_5876.jpg
4090,img_v2_5877.jpg
4091,img_v2_5878.jpg
4092,img_v2_5879.jpg
4093,img_v2_588.jpg
4094,img_v2_5881.jpg
4095,img_v2_5882.jpg
4096,img_v2_5883.jpg
4097,img_v2_5884.jpg
4098,img_v2_5885.jpg
4099,img_v2_5886.jpg
4100,img_v2_5888.jpg
4101,img_v2_5890.jpg
4102,img_v2_5891.jpg
4103,img_v2_5892.jpg
4104,img_v2_5894.jpg
4105,img_v2_5895.jpg
4106,img_v2_5896.jpg
4107,img_v2_5897.jpg
4108,img_v2_5898.jpg
4109,img_v2_59.jpg
4110,img_v2_590.jpg
4111,img_v2_5900.jpg
4112,img_v2_5901.jpg
4113,img_v2_5902.jpg
4114,img_v2_5903.jpg
4115,img_v2_5904.jpg
4116,img_v2_5905.jpg
4117,img_v2_5906.jpg
4118,img_v2_5907.jpg
4119,img_v2_5910.jpg
4120,img_v2_5911.jpg
4121,img_v2_5913.jpg
4122,img_v2_5915.jpg
4123,img_v2_5916.jpg
4124,img_v2_5917.jpg
4125,img_v2_5918.jpg
4126,img_v2_5919.jpg
4127,img_v2_5920.jpg
4128,img_v2_5922.jpg
4129,img_v2_5923.jpg
4130,img_v2_5924.jpg
4131,img_v2_5925.jpg
4132,img_v2_5926.jpg
4133,img_v2_5927.jpg
4134,img_v2_5928.jpg
4135,img_v2_5929.jpg
4136,img_v2_593.jpg
4137,img_v2_5930.jpg
4138,img_v2_5931.jpg
4139,img_v2_5932.jpg
4140,img_v2_5933.jpg
4141,img_v2_5934.jpg
4142,img_v2_5935.jpg
4143,img_v2_5937.jpg
4144,img_v2_5938.jpg
4145,img_v2_5939.jpg
4146,img_v2_5940.jpg
4147,img_v2_5941.jpg
4148,img_v2_5943.jpg
4149,img_v2_5944.jpg
4150,img_v2_5946.jpg
4151,img_v2_5947.jpg
4152,img_v2_5948.jpg
4153,img_v2_5949.jpg
4154,img_v2_595.jpg
4155,img_v2_5950.jpg
4156,img_v2_5951.jpg
4157,img_v2_5952.jpg
4158,img_v2_5954.jpg
4159,img_v2_5955.jpg
4160,img_v2_5957.jpg
4161,img_v2_5958.jpg
4162,img_v2_5959.jpg
4163,img_v2_596.jpg
4164,img_v2_5960.jpg
4165,img_v2_5961.jpg
4166,img_v2_5962.jpg
4167,img_v2_5963.jpg
4168,img_v2_5964.jpg
4169,img_v2_5965.jpg
4170,img_v2_5967.jpg
4171,img_v2_5969.jpg
4172,img_v2_5971.jpg
4173,img_v2_5973.jpg
4174,img_v2_5974.jpg
4175,img_v2_5975.jpg
4176,img_v2_5976.jpg
4177,img_v2_5977.jpg
4178,img_v2_5978.jpg
4179,img_v2_5979.jpg
4180,img_v2_598.jpg
4181,img_v2_5980.jpg
4182,img_v2_5981.jpg
4183,img_v2_5982.jpg
4184,img_v2_5983.jpg
4185,img_v2_5985.jpg
4186,img_v2_5986.jpg
4187,img_v2_5987.jpg
4188,img_v2_5988.jpg
4189,img_v2_5989.jpg
4190,img_v2_599.jpg
4191,img_v2_5990.jpg
4192,img_v2_5992.jpg
4193,img_v2_5993.jpg
4194,img_v2_5994.jpg
4195,img_v2_5995.jpg
4196,img_v2_5996.jpg
4197,img_v2_5998.jpg
4198,img_v2_5999.jpg
4199,img_v2_6.jpg
4200,img_v2_60.jpg
4201,img_v2_600.jpg
4202,img_v2_6000.jpg
4203,img_v2_6001.jpg
4204,img_v2_6003.jpg
4205,img_v2_6004.jpg
4206,img_v2_6005.jpg
4207,img_v2_6008.jpg
4208,img_v2_6009.jpg
4209,img_v2_6010.jpg
4210,img_v2_6011.jpg
4211,img_v2_6012.jpg
4212,img_v2_6013.jpg
4213,img_v2_6014.jpg
4214,img_v2_6015.jpg
4215,img_v2_6016.jpg
4216,img_v2_6017.jpg
4217,img_v2_6018.jpg
4218,img_v2_6019.jpg
4219,img_v2_6020.jpg
4220,img_v2_6022.jpg
4221,img_v2_6023.jpg
4222,img_v2_6024.jpg
4223,img_v2_6025.jpg
4224,img_v2_6026.jpg
4225,img_v2_6029.jpg
4226,img_v2_603.jpg
4227,img_v2_6030.jpg
4228,img_v2_6031.jpg
4229,img_v2_6032.jpg
4230,img_v2_6036.jpg
4231,img_v2_6037.jpg
4232,img_v2_6039.jpg
4233,img_v2_6043.jpg
4234,img_v2_6044.jpg
4235,img_v2_6045.jpg
4236,img_v2_6046.jpg
4237,img_v2_6048.jpg
4238,img_v2_6049.jpg
4239,img_v2_605.jpg
4240,img_v2_6052.jpg
4241,img_v2_6053.jpg
4242,img_v2_6054.jpg
4243,img_v2_6055.jpg
4244,img_v2_6056.jpg
4245,img_v2_6058.jpg
4246,img_v2_6059.jpg
4247,img_v2_6060.jpg
4248,img_v2_6061.jpg
4249,img_v2_6062.jpg
4250,img_v2_6063.jpg
4251,img_v2_6064.jpg
4252,img_v2_6065.jpg
4253,img_v2_6066.jpg
4254,img_v2_6067.jpg
4255,img_v2_6068.jpg
4256,img_v2_6070.jpg
4257,img_v2_6072.jpg
4258,img_v2_6073.jpg
4259,img_v2_6075.jpg
4260,img_v2_6076.jpg
4261,img_v2_6077.jpg
4262,img_v2_6080.jpg
4263,img_v2_6081.jpg
4264,img_v2_6082.jpg
4265,img_v2_6083.jpg
4266,img_v2_6084.jpg
4267,img_v2_6085.jpg
4268,img_v2_6086.jpg
4269,img_v2_6087.jpg
4270,img_v2_6088.jpg
4271,img_v2_6089.jpg
4272,img_v2_609.jpg
4273,img_v2_6090.jpg
4274,img_v2_6091.jpg
4275,img_v2_6092.jpg
4276,img_v2_6093.jpg
4277,img_v2_6094.jpg
4278,img_v2_6095.jpg
4279,img_v2_6096.jpg
4280,img_v2_6097.jpg
4281,img_v2_6099.jpg
4282,img_v2_61.jpg
4283,img_v2_610.jpg
4284,img_v2_6100.jpg
4285,img_v2_6101.jpg
4286,img_v2_6103.jpg
4287,img_v2_6104.jpg
4288,img_v2_6105.jpg
4289,img_v2_6106.jpg
4290,img_v2_6107.jpg
4291,img_v2_611.jpg
4292,img_v2_6110.jpg
4293,img_v2_6111.jpg
4294,img_v2_6112.jpg
4295,img_v2_6113.jpg
4296,img_v2_6114.jpg
4297,img_v2_6116.jpg
4298,img_v2_6117.jpg
4299,img_v2_6118.jpg
4300,img_v2_6119.jpg
4301,img_v2_612.jpg
4302,img_v2_6121.jpg
4303,img_v2_6122.jpg
4304,img_v2_6123.jpg
4305,img_v2_6124.jpg
4306,img_v2_6125.jpg
4307,img_v2_6126.jpg
4308,img_v2_6127.jpg
4309,img_v2_6128.jpg
4310,img_v2_6129.jpg
4311,img_v2_613.jpg
4312,img_v2_6131.jpg
4313,img_v2_6132.jpg
4314,img_v2_6133.jpg
4315,img_v2_6136.jpg
4316,img_v2_6137.jpg
4317,img_v2_6138.jpg
4318,img_v2_614.jpg
4319,img_v2_6140.jpg
4320,img_v2_6141.jpg
4321,img_v2_6142.jpg
4322,img_v2_6143.jpg
4323,img_v2_6144.jpg
4324,img_v2_6145.jpg
4325,img_v2_6146.jpg
4326,img_v2_6148.jpg
4327,img_v2_6150.jpg
4328,img_v2_6151.jpg
4329,img_v2_6152.jpg
4330,img_v2_6153.jpg
4331,img_v2_6155.jpg
4332,img_v2_6156.jpg
4333,img_v2_6157.jpg
4334,img_v2_6159.jpg
4335,img_v2_616.jpg
4336,img_v2_6161.jpg
4337,img_v2_6162.jpg
4338,img_v2_6164.jpg
4339,img_v2_6166.jpg
4340,img_v2_6167.jpg
4341,img_v2_6168.jpg
4342,img_v2_6169.jpg
4343,img_v2_617.jpg
4344,img_v2_6172.jpg
4345,img_v2_6173.jpg
4346,img_v2_6175.jpg
4347,img_v2_6176.jpg
4348,img_v2_6177.jpg
4349,img_v2_6179.jpg
4350,img_v2_618.jpg
4351,img_v2_6180.jpg
4352,img_v2_6183.jpg
4353,img_v2_6184.jpg
4354,img_v2_6186.jpg
4355,img_v2_6187.jpg
4356,img_v2_6188.jpg
4357,img_v2_6189.jpg
4358,img_v2_6190.jpg
4359,img_v2_6192.jpg
4360,img_v2_6193.jpg
4361,img_v2_6195.jpg
4362,img_v2_6196.jpg
4363,img_v2_6197.jpg
4364,img_v2_6198.jpg
4365,img_v2_62.jpg
4366,img_v2_620.jpg
4367,img_v2_6200.jpg
4368,img_v2_6201.jpg
4369,img_v2_6202.jpg
4370,img_v2_6203.jpg
4371,img_v2_6204.jpg
4372,img_v2_6205.jpg
4373,img_v2_6206.jpg
4374,img_v2_6209.jpg
4375,img_v2_621.jpg
4376,img_v2_6210.jpg
4377,img_v2_622.jpg
4378,img_v2_623.jpg
4379,img_v2_624.jpg
4380,img_v2_625.jpg
4381,img_v2_626.jpg
4382,img_v2_629.jpg
4383,img_v2_630.jpg
4384,img_v2_631.jpg
4385,img_v2_633.jpg
4386,img_v2_634.jpg
4387,img_v2_635.jpg
4388,img_v2_637.jpg
4389,img_v2_64.jpg
4390,img_v2_641.jpg
4391,img_v2_642.jpg
4392,img_v2_645.jpg
4393,img_v2_646.jpg
4394,img_v2_647.jpg
4395,img_v2_649.jpg
4396,img_v2_65.jpg
4397,img_v2_650.jpg
4398,img_v2_651.jpg
4399,img_v2_652.jpg
4400,img_v2_653.jpg
4401,img_v2_654.jpg
4402,img_v2_655.jpg
4403,img_v2_656.jpg
4404,img_v2_657.jpg
4405,img_v2_658.jpg
4406,img_v2_66.jpg
4407,img_v2_660.jpg
4408,img_v2_661.jpg
4409,img_v2_662.jpg
4410,img_v2_663.jpg
4411,img_v2_664.jpg
4412,img_v2_665.jpg
4413,img_v2_666.jpg
4414,img_v2_670.jpg
4415,img_v2_671.jpg
4416,img_v2_673.jpg
4417,img_v2_675.jpg
4418,img_v2_676.jpg
4419,img_v2_677.jpg
4420,img_v2_679.jpg
4421,img_v2_68.jpg
4422,img_v2_680.jpg
4423,img_v2_683.jpg
4424,img_v2_684.jpg
4425,img_v2_685.jpg
4426,img_v2_686.jpg
4427,img_v2_688.jpg
4428,img_v2_689.jpg
4429,img_v2_69.jpg
4430,img_v2_690.jpg
4431,img_v2_691.jpg
4432,img_v2_693.jpg
4433,img_v2_694.jpg
4434,img_v2_697.jpg
4435,img_v2_699.jpg
4436,img_v2_7.jpg
4437,img_v2_70.jpg
4438,img_v2_702.jpg
4439,img_v2_703.jpg
4440,img_v2_705.jpg
4441,img_v2_706.jpg
4442,img_v2_707.jpg
4443,img_v2_708.jpg
4444,img_v2_709.jpg
4445,img_v2_71.jpg
4446,img_v2_710.jpg
4447,img_v2_711.jpg
4448,img_v2_713.jpg
4449,img_v2_714.jpg
4450,img_v2_715.jpg
4451,img_v2_716.jpg
4452,img_v2_717.jpg
4453,img_v2_718.jpg
4454,img_v2_719.jpg
4455,img_v2_72.jpg
4456,img_v2_720.jpg
4457,img_v2_721.jpg
4458,img_v2_722.jpg
4459,img_v2_724.jpg
4460,img_v2_727.jpg
4461,img_v2_728.jpg
4462,img_v2_729.jpg
4463,img_v2_730.jpg
4464,img_v2_731.jpg
4465,img_v2_732.jpg
4466,img_v2_733.jpg
4467,img_v2_735.jpg
4468,img_v2_736.jpg
4469,img_v2_737.jpg
4470,img_v2_738.jpg
4471,img_v2_74.jpg
4472,img_v2_740.jpg
4473,img_v2_741.jpg
4474,img_v2_745.jpg
4475,img_v2_746.jpg
4476,img_v2_747.jpg
4477,img_v2_748.jpg
4478,img_v2_749.jpg
4479,img_v2_750.jpg
4480,img_v2_752.jpg
4481,img_v2_753.jpg
4482,img_v2_754.jpg
4483,img_v2_755.jpg
4484,img_v2_757.jpg
4485,img_v2_758.jpg
4486,img_v2_759.jpg
4487,img_v2_76.jpg
4488,img_v2_760.jpg
4489,img_v2_761.jpg
4490,img_v2_763.jpg
4491,img_v2_765.jpg
4492,img_v2_766.jpg
4493,img_v2_767.jpg
4494,img_v2_768.jpg
4495,img_v2_769.jpg
4496,img_v2_770.jpg
4497,img_v2_771.jpg
4498,img_v2_772.jpg
4499,img_v2_773.jpg
4500,img_v2_774.jpg
4501,img_v2_775.jpg
4502,img_v2_776.jpg
4503,img_v2_778.jpg
4504,img_v2_779.jpg
4505,img_v2_78.jpg
4506,img_v2_780.jpg
4507,img_v2_782.jpg
4508,img_v2_784.jpg
4509,img_v2_786.jpg
4510,img_v2_787.jpg
4511,img_v2_788.jpg
4512,img_v2_79.jpg
4513,img_v2_790.jpg
4514,img_v2_791.jpg
4515,img_v2_792.jpg
4516,img_v2_793.jpg
4517,img_v2_794.jpg
4518,img_v2_795.jpg
4519,img_v2_796.jpg
4520,img_v2_797.jpg
4521,img_v2_798.jpg
4522,img_v2_799.jpg
4523,img_v2_8.jpg
4524,img_v2_80.jpg
4525,img_v2_801.jpg
4526,img_v2_802.jpg
4527,img_v2_803.jpg
4528,img_v2_804.jpg
4529,img_v2_805.jpg
4530,img_v2_806.jpg
4531,img_v2_807.jpg
4532,img_v2_808.jpg
4533,img_v2_809.jpg
4534,img_v2_81.jpg
4535,img_v2_810.jpg
4536,img_v2_812.jpg
4537,img_v2_815.jpg
4538,img_v2_816.jpg
4539,img_v2_817.jpg
4540,img_v2_818.jpg
4541,img_v2_82.jpg
4542,img_v2_821.jpg
4543,img_v2_822.jpg
4544,img_v2_823.jpg
4545,img_v2_824.jpg
4546,img_v2_825.jpg
4547,img_v2_826.jpg
4548,img_v2_827.jpg
4549,img_v2_828.jpg
4550,img_v2_829.jpg
4551,img_v2_83.jpg
4552,img_v2_830.jpg
4553,img_v2_831.jpg
4554,img_v2_832.jpg
4555,img_v2_833.jpg
4556,img_v2_834.jpg
4557,img_v2_835.jpg
4558,img_v2_836.jpg
4559,img_v2_837.jpg
4560,img_v2_838.jpg
4561,img_v2_839.jpg
4562,img_v2_840.jpg
4563,img_v2_841.jpg
4564,img_v2_842.jpg
4565,img_v2_843.jpg
4566,img_v2_845.jpg
4567,img_v2_846.jpg
4568,img_v2_848.jpg
4569,img_v2_849.jpg
4570,img_v2_85.jpg
4571,img_v2_853.jpg
4572,img_v2_855.jpg
4573,img_v2_856.jpg
4574,img_v2_857.jpg
4575,img_v2_858.jpg
4576,img_v2_859.jpg
4577,img_v2_86.jpg
4578,img_v2_860.jpg
4579,img_v2_861.jpg
4580,img_v2_862.jpg
4581,img_v2_864.jpg
4582,img_v2_865.jpg
4583,img_v2_866.jpg
4584,img_v2_867.jpg
4585,img_v2_868.jpg
4586,img_v2_869.jpg
4587,img_v2_87.jpg
4588,img_v2_870.jpg
4589,img_v2_871.jpg
4590,img_v2_873.jpg
4591,img_v2_875.jpg
4592,img_v2_877.jpg
4593,img_v2_878.jpg
4594,img_v2_879.jpg
4595,img_v2_88.jpg
4596,img_v2_880.jpg
4597,img_v2_881.jpg
4598,img_v2_883.jpg
4599,img_v2_885.jpg
4600,img_v2_887.jpg
4601,img_v2_888.jpg
4602,img_v2_889.jpg
4603,img_v2_89.jpg
4604,img_v2_890.jpg
4605,img_v2_892.jpg
4606,img_v2_894.jpg
4607,img_v2_896.jpg
4608,img_v2_897.jpg
4609,img_v2_9.jpg
4610,img_v2_90.jpg
4611,img_v2_900.jpg
4612,img_v2_901.jpg
4613,img_v2_903.jpg
4614,img_v2_904.jpg
4615,img_v2_905.jpg
4616,img_v2_906.jpg
4617,img_v2_908.jpg
4618,img_v2_909.jpg
4619,img_v2_91.jpg
4620,img_v2_910.jpg
4621,img_v2_911.jpg
4622,img_v2_912.jpg
4623,img_v2_913.jpg
4624,img_v2_914.jpg
4625,img_v2_915.jpg
4626,img_v2_916.jpg
4627,img_v2_917.jpg
4628,img_v2_918.jpg
4629,img_v2_920.jpg
4630,img_v2_921.jpg
4631,img_v2_924.jpg
4632,img_v2_927.jpg
4633,img_v2_929.jpg
4634,img_v2_93.jpg
4635,img_v2_930.jpg
4636,img_v2_931.jpg
4637,img_v2_932.jpg
4638,img_v2_933.jpg
4639,img_v2_935.jpg
4640,img_v2_936.jpg
4641,img_v2_938.jpg
4642,img_v2_939.jpg
4643,img_v2_94.jpg
4644,img_v2_941.jpg
4645,img_v2_942.jpg
4646,img_v2_943.jpg
4647,img_v2_944.jpg
4648,img_v2_945.jpg
4649,img_v2_949.jpg
4650,img_v2_950.jpg
4651,img_v2_952.jpg
4652,img_v2_953.jpg
4653,img_v2_954.jpg
4654,img_v2_956.jpg
4655,img_v2_957.jpg
4656,img_v2_958.jpg
4657,img_v2_959.jpg
4658,img_v2_960.jpg
4659,img_v2_961.jpg
4660,img_v2_962.jpg
4661,img_v2_963.jpg
4662,img_v2_964.jpg
4663,img_v2_965.jpg
4664,img_v2_966.jpg
4665,img_v2_967.jpg
4666,img_v2_969.jpg
4667,img_v2_97.jpg
4668,img_v2_970.jpg
4669,img_v2_971.jpg
4670,img_v2_972.jpg
4671,img_v2_973.jpg
4672,img_v2_974.jpg
4673,img_v2_975.jpg
4674,img_v2_976.jpg
4675,img_v2_977.jpg
4676,img_v2_980.jpg
4677,img_v2_981.jpg
4678,img_v2_982.jpg
4679,img_v2_983.jpg
4680,img_v2_984.jpg
4681,img_v2_985.jpg
4682,img_v2_986.jpg
4683,img_v2_987.jpg
4684,img_v2_988.jpg
4685,img_v2_989.jpg
4686,img_v2_991.jpg
4687,img_v2_992.jpg
4688,img_v2_993.jpg
4689,img_v2_994.jpg
4690,img_v2_997.jpg
